REF_AREA,TIME_PERIOD,ENERGY_PRODUCT,FLOW_BREAKDOWN,UNIT_MEASURE,OBS_VALUE,ASSESSMENT_CODE,value_mt,series,period,source_url,retrieved_at,publication_date,normalized_unit,flags
CN,2015-01,CRUDEOIL,CLOSTLV,KTONS,-,3,,closing_stocks_mt,2015-01-01,https://www.jodidata.org/_resources/files/downloads/oil-data/annual-csv/primary/2015.csv,2026-10-08T10:37:41.319933+00:00,,million_tonnes,jan_feb_calendar_disaggregated;not_assessed;historical_publication_date_unknown
CN,2015-01,CRUDEOIL,INDPROD,KTONS,17943.0000,1,17.943,production_mt,2015-01-01,https://www.jodidata.org/_resources/files/downloads/oil-data/annual-csv/primary/2015.csv,2026-10-08T10:37:41.319933+00:00,,million_tonnes,jan_feb_calendar_disaggregated;historical_publication_date_unknown
CN,2015-01,CRUDEOIL,REFINOBS,KTONS,45913.0000,1,45.913,calculated_intake_mt,2015-01-01,https://www.jodidata.org/_resources/files/downloads/oil-data/annual-csv/primary/2015.csv,2026-10-08T10:37:41.319933+00:00,,million_tonnes,jan_feb_calendar_disaggregated;supply_derived_excluded_from_model;historical_publication_date_unknown
CN,2015-01,CRUDEOIL,STOCKCH,KTONS,-17.0000,1,-0.017,stock_change_mt,2015-01-01,https://www.jodidata.org/_resources/files/downloads/oil-data/annual-csv/primary/2015.csv,2026-10-08T10:37:41.319933+00:00,,million_tonnes,jan_feb_calendar_disaggregated;historical_publication_date_unknown
CN,2015-01,CRUDEOIL,TOTEXPSB,KTONS,173.0000,1,0.173,exports_mt,2015-01-01,https://www.jodidata.org/_resources/files/downloads/oil-data/annual-csv/primary/2015.csv,2026-10-08T10:37:41.319933+00:00,,million_tonnes,jan_feb_calendar_disaggregated;historical_publication_date_unknown
CN,2015-01,CRUDEOIL,TOTIMPSB,KTONS,28126.0000,1,28.126,imports_mt,2015-01-01,https://www.jodidata.org/_resources/files/downloads/oil-data/annual-csv/primary/2015.csv,2026-10-08T10:37:41.319933+00:00,,million_tonnes,jan_feb_calendar_disaggregated;historical_publication_date_unknown
CN,2015-02,CRUDEOIL,CLOSTLV,KTONS,-,3,,closing_stocks_mt,2015-02-01,https://www.jodidata.org/_resources/files/downloads/oil-data/annual-csv/primary/2015.csv,2026-10-08T10:37:41.319933+00:00,,million_tonnes,jan_feb_calendar_disaggregated;not_assessed;historical_publication_date_unknown
CN,2015-02,CRUDEOIL,INDPROD,KTONS,16207.0000,1,16.207,production_mt,2015-02-01,https://www.jodidata.org/_resources/files/downloads/oil-data/annual-csv/primary/2015.csv,2026-10-08T10:37:41.319933+00:00,,million_tonnes,jan_feb_calendar_disaggregated;historical_publication_date_unknown
CN,2015-02,CRUDEOIL,REFINOBS,KTONS,41470.0000,1,41.47,calculated_intake_mt,2015-02-01,https://www.jodidata.org/_resources/files/downloads/oil-data/annual-csv/primary/2015.csv,2026-10-08T10:37:41.319933+00:00,,million_tonnes,jan_feb_calendar_disaggregated;supply_derived_excluded_from_model;historical_publication_date_unknown
CN,2015-02,CRUDEOIL,STOCKCH,KTONS,-16.0000,1,-0.016,stock_change_mt,2015-02-01,https://www.jodidata.org/_resources/files/downloads/oil-data/annual-csv/primary/2015.csv,2026-10-08T10:37:41.319933+00:00,,million_tonnes,jan_feb_calendar_disaggregated;historical_publication_date_unknown
CN,2015-02,CRUDEOIL,TOTEXPSB,KTONS,157.0000,1,0.157,exports_mt,2015-02-01,https://www.jodidata.org/_resources/files/downloads/oil-data/annual-csv/primary/2015.csv,2026-10-08T10:37:41.319933+00:00,,million_tonnes,jan_feb_calendar_disaggregated;historical_publication_date_unknown
CN,2015-02,CRUDEOIL,TOTIMPSB,KTONS,25404.0000,1,25.404,imports_mt,2015-02-01,https://www.jodidata.org/_resources/files/downloads/oil-data/annual-csv/primary/2015.csv,2026-10-08T10:37:41.319933+00:00,,million_tonnes,jan_feb_calendar_disaggregated;historical_publication_date_unknown
CN,2015-03,CRUDEOIL,CLOSTLV,KTONS,-,3,,closing_stocks_mt,2015-03-01,https://www.jodidata.org/_resources/files/downloads/oil-data/annual-csv/primary/2015.csv,2026-10-08T10:37:41.319933+00:00,,million_tonnes,;not_assessed;historical_publication_date_unknown
CN,2015-03,CRUDEOIL,INDPROD,KTONS,18065.0000,1,18.065,production_mt,2015-03-01,https://www.jodidata.org/_resources/files/downloads/oil-data/annual-csv/primary/2015.csv,2026-10-08T10:37:41.319933+00:00,,million_tonnes,;historical_publication_date_unknown
CN,2015-03,CRUDEOIL,REFINOBS,KTONS,43922.0000,1,43.922,calculated_intake_mt,2015-03-01,https://www.jodidata.org/_resources/files/downloads/oil-data/annual-csv/primary/2015.csv,2026-10-08T10:37:41.319933+00:00,,million_tonnes,;supply_derived_excluded_from_model;historical_publication_date_unknown
CN,2015-03,CRUDEOIL,STOCKCH,KTONS,203.0000,1,0.203,stock_change_mt,2015-03-01,https://www.jodidata.org/_resources/files/downloads/oil-data/annual-csv/primary/2015.csv,2026-10-08T10:37:41.319933+00:00,,million_tonnes,;historical_publication_date_unknown
CN,2015-03,CRUDEOIL,TOTEXPSB,KTONS,750.0000,1,0.75,exports_mt,2015-03-01,https://www.jodidata.org/_resources/files/downloads/oil-data/annual-csv/primary/2015.csv,2026-10-08T10:37:41.319933+00:00,,million_tonnes,;historical_publication_date_unknown
CN,2015-03,CRUDEOIL,TOTIMPSB,KTONS,26810.0000,1,26.81,imports_mt,2015-03-01,https://www.jodidata.org/_resources/files/downloads/oil-data/annual-csv/primary/2015.csv,2026-10-08T10:37:41.319933+00:00,,million_tonnes,;historical_publication_date_unknown
CN,2015-04,CRUDEOIL,CLOSTLV,KTONS,-,3,,closing_stocks_mt,2015-04-01,https://www.jodidata.org/_resources/files/downloads/oil-data/annual-csv/primary/2015.csv,2026-10-08T10:37:41.319933+00:00,,million_tonnes,;not_assessed;historical_publication_date_unknown
CN,2015-04,CRUDEOIL,INDPROD,KTONS,17500.0000,1,17.5,production_mt,2015-04-01,https://www.jodidata.org/_resources/files/downloads/oil-data/annual-csv/primary/2015.csv,2026-10-08T10:37:41.319933+00:00,,million_tonnes,;historical_publication_date_unknown
CN,2015-04,CRUDEOIL,REFINOBS,KTONS,48164.0000,1,48.164,calculated_intake_mt,2015-04-01,https://www.jodidata.org/_resources/files/downloads/oil-data/annual-csv/primary/2015.csv,2026-10-08T10:37:41.319933+00:00,,million_tonnes,;supply_derived_excluded_from_model;historical_publication_date_unknown
CN,2015-04,CRUDEOIL,STOCKCH,KTONS,-815.0000,1,-0.815,stock_change_mt,2015-04-01,https://www.jodidata.org/_resources/files/downloads/oil-data/annual-csv/primary/2015.csv,2026-10-08T10:37:41.319933+00:00,,million_tonnes,;historical_publication_date_unknown
CN,2015-04,CRUDEOIL,TOTEXPSB,KTONS,440.0000,1,0.44,exports_mt,2015-04-01,https://www.jodidata.org/_resources/files/downloads/oil-data/annual-csv/primary/2015.csv,2026-10-08T10:37:41.319933+00:00,,million_tonnes,;historical_publication_date_unknown
CN,2015-04,CRUDEOIL,TOTIMPSB,KTONS,30290.0000,1,30.29,imports_mt,2015-04-01,https://www.jodidata.org/_resources/files/downloads/oil-data/annual-csv/primary/2015.csv,2026-10-08T10:37:41.319933+00:00,,million_tonnes,;historical_publication_date_unknown
CN,2015-05,CRUDEOIL,CLOSTLV,KTONS,-,3,,closing_stocks_mt,2015-05-01,https://www.jodidata.org/_resources/files/downloads/oil-data/annual-csv/primary/2015.csv,2026-10-08T10:37:41.319933+00:00,,million_tonnes,;not_assessed;historical_publication_date_unknown
CN,2015-05,CRUDEOIL,INDPROD,KTONS,18136.0000,2,18.136,production_mt,2015-05-01,https://www.jodidata.org/_resources/files/downloads/oil-data/annual-csv/primary/2015.csv,2026-10-08T10:37:41.319933+00:00,,million_tonnes,;historical_publication_date_unknown
CN,2015-05,CRUDEOIL,REFINOBS,KTONS,41924.0000,1,41.924,calculated_intake_mt,2015-05-01,https://www.jodidata.org/_resources/files/downloads/oil-data/annual-csv/primary/2015.csv,2026-10-08T10:37:41.319933+00:00,,million_tonnes,;supply_derived_excluded_from_model;historical_publication_date_unknown
CN,2015-05,CRUDEOIL,STOCKCH,KTONS,-678.0000,1,-0.678,stock_change_mt,2015-05-01,https://www.jodidata.org/_resources/files/downloads/oil-data/annual-csv/primary/2015.csv,2026-10-08T10:37:41.319933+00:00,,million_tonnes,;historical_publication_date_unknown
CN,2015-05,CRUDEOIL,TOTEXPSB,KTONS,130.0000,1,0.13,exports_mt,2015-05-01,https://www.jodidata.org/_resources/files/downloads/oil-data/annual-csv/primary/2015.csv,2026-10-08T10:37:41.319933+00:00,,million_tonnes,;historical_publication_date_unknown
CN,2015-05,CRUDEOIL,TOTIMPSB,KTONS,23240.0000,1,23.24,imports_mt,2015-05-01,https://www.jodidata.org/_resources/files/downloads/oil-data/annual-csv/primary/2015.csv,2026-10-08T10:37:41.319933+00:00,,million_tonnes,;historical_publication_date_unknown
CN,2015-06,CRUDEOIL,CLOSTLV,KTONS,-,3,,closing_stocks_mt,2015-06-01,https://www.jodidata.org/_resources/files/downloads/oil-data/annual-csv/primary/2015.csv,2026-10-08T10:37:41.319933+00:00,,million_tonnes,;not_assessed;historical_publication_date_unknown
CN,2015-06,CRUDEOIL,INDPROD,KTONS,18116.0000,1,18.116,production_mt,2015-06-01,https://www.jodidata.org/_resources/files/downloads/oil-data/annual-csv/primary/2015.csv,2026-10-08T10:37:41.319933+00:00,,million_tonnes,;historical_publication_date_unknown
CN,2015-06,CRUDEOIL,REFINOBS,KTONS,48548.0000,1,48.548,calculated_intake_mt,2015-06-01,https://www.jodidata.org/_resources/files/downloads/oil-data/annual-csv/primary/2015.csv,2026-10-08T10:37:41.319933+00:00,,million_tonnes,;supply_derived_excluded_from_model;historical_publication_date_unknown
CN,2015-06,CRUDEOIL,STOCKCH,KTONS,-981.0000,1,-0.981,stock_change_mt,2015-06-01,https://www.jodidata.org/_resources/files/downloads/oil-data/annual-csv/primary/2015.csv,2026-10-08T10:37:41.319933+00:00,,million_tonnes,;historical_publication_date_unknown
CN,2015-06,CRUDEOIL,TOTEXPSB,KTONS,40.0000,1,0.04,exports_mt,2015-06-01,https://www.jodidata.org/_resources/files/downloads/oil-data/annual-csv/primary/2015.csv,2026-10-08T10:37:41.319933+00:00,,million_tonnes,;historical_publication_date_unknown
CN,2015-06,CRUDEOIL,TOTIMPSB,KTONS,29490.0000,1,29.49,imports_mt,2015-06-01,https://www.jodidata.org/_resources/files/downloads/oil-data/annual-csv/primary/2015.csv,2026-10-08T10:37:41.319933+00:00,,million_tonnes,;historical_publication_date_unknown
CN,2015-07,CRUDEOIL,CLOSTLV,KTONS,-,3,,closing_stocks_mt,2015-07-01,https://www.jodidata.org/_resources/files/downloads/oil-data/annual-csv/primary/2015.csv,2026-10-08T10:37:41.319933+00:00,,million_tonnes,;not_assessed;historical_publication_date_unknown
CN,2015-07,CRUDEOIL,INDPROD,KTONS,18103.0000,1,18.103,production_mt,2015-07-01,https://www.jodidata.org/_resources/files/downloads/oil-data/annual-csv/primary/2015.csv,2026-10-08T10:37:41.319933+00:00,,million_tonnes,;historical_publication_date_unknown
CN,2015-07,CRUDEOIL,REFINOBS,KTONS,49285.0000,1,49.285,calculated_intake_mt,2015-07-01,https://www.jodidata.org/_resources/files/downloads/oil-data/annual-csv/primary/2015.csv,2026-10-08T10:37:41.319933+00:00,,million_tonnes,;supply_derived_excluded_from_model;historical_publication_date_unknown
CN,2015-07,CRUDEOIL,STOCKCH,KTONS,-802.0000,1,-0.802,stock_change_mt,2015-07-01,https://www.jodidata.org/_resources/files/downloads/oil-data/annual-csv/primary/2015.csv,2026-10-08T10:37:41.319933+00:00,,million_tonnes,;historical_publication_date_unknown
CN,2015-07,CRUDEOIL,TOTEXPSB,KTONS,330.0000,1,0.33,exports_mt,2015-07-01,https://www.jodidata.org/_resources/files/downloads/oil-data/annual-csv/primary/2015.csv,2026-10-08T10:37:41.319933+00:00,,million_tonnes,;historical_publication_date_unknown
CN,2015-07,CRUDEOIL,TOTIMPSB,KTONS,30710.0000,1,30.71,imports_mt,2015-07-01,https://www.jodidata.org/_resources/files/downloads/oil-data/annual-csv/primary/2015.csv,2026-10-08T10:37:41.319933+00:00,,million_tonnes,;historical_publication_date_unknown
CN,2015-08,CRUDEOIL,CLOSTLV,KTONS,-,3,,closing_stocks_mt,2015-08-01,https://www.jodidata.org/_resources/files/downloads/oil-data/annual-csv/primary/2015.csv,2026-10-08T10:37:41.319933+00:00,,million_tonnes,;not_assessed;historical_publication_date_unknown
CN,2015-08,CRUDEOIL,INDPROD,KTONS,18167.0000,1,18.167,production_mt,2015-08-01,https://www.jodidata.org/_resources/files/downloads/oil-data/annual-csv/primary/2015.csv,2026-10-08T10:37:41.319933+00:00,,million_tonnes,;historical_publication_date_unknown
CN,2015-08,CRUDEOIL,REFINOBS,KTONS,44686.0000,1,44.686,calculated_intake_mt,2015-08-01,https://www.jodidata.org/_resources/files/downloads/oil-data/annual-csv/primary/2015.csv,2026-10-08T10:37:41.319933+00:00,,million_tonnes,;supply_derived_excluded_from_model;historical_publication_date_unknown
CN,2015-08,CRUDEOIL,STOCKCH,KTONS,-149.0000,1,-0.149,stock_change_mt,2015-08-01,https://www.jodidata.org/_resources/files/downloads/oil-data/annual-csv/primary/2015.csv,2026-10-08T10:37:41.319933+00:00,,million_tonnes,;historical_publication_date_unknown
CN,2015-08,CRUDEOIL,TOTEXPSB,KTONS,220.0000,1,0.22,exports_mt,2015-08-01,https://www.jodidata.org/_resources/files/downloads/oil-data/annual-csv/primary/2015.csv,2026-10-08T10:37:41.319933+00:00,,million_tonnes,;historical_publication_date_unknown
CN,2015-08,CRUDEOIL,TOTIMPSB,KTONS,26590.0000,1,26.59,imports_mt,2015-08-01,https://www.jodidata.org/_resources/files/downloads/oil-data/annual-csv/primary/2015.csv,2026-10-08T10:37:41.319933+00:00,,million_tonnes,;historical_publication_date_unknown
CN,2015-09,CRUDEOIL,CLOSTLV,KTONS,-,3,,closing_stocks_mt,2015-09-01,https://www.jodidata.org/_resources/files/downloads/oil-data/annual-csv/primary/2015.csv,2026-10-08T10:37:41.319933+00:00,,million_tonnes,;not_assessed;historical_publication_date_unknown
CN,2015-09,CRUDEOIL,INDPROD,KTONS,17741.0000,1,17.741,production_mt,2015-09-01,https://www.jodidata.org/_resources/files/downloads/oil-data/annual-csv/primary/2015.csv,2026-10-08T10:37:41.319933+00:00,,million_tonnes,;historical_publication_date_unknown
CN,2015-09,CRUDEOIL,REFINOBS,KTONS,45596.0000,1,45.596,calculated_intake_mt,2015-09-01,https://www.jodidata.org/_resources/files/downloads/oil-data/annual-csv/primary/2015.csv,2026-10-08T10:37:41.319933+00:00,,million_tonnes,;supply_derived_excluded_from_model;historical_publication_date_unknown
CN,2015-09,CRUDEOIL,STOCKCH,KTONS,45.0000,1,0.045,stock_change_mt,2015-09-01,https://www.jodidata.org/_resources/files/downloads/oil-data/annual-csv/primary/2015.csv,2026-10-08T10:37:41.319933+00:00,,million_tonnes,;historical_publication_date_unknown
CN,2015-09,CRUDEOIL,TOTEXPSB,KTONS,50.0000,1,0.05,exports_mt,2015-09-01,https://www.jodidata.org/_resources/files/downloads/oil-data/annual-csv/primary/2015.csv,2026-10-08T10:37:41.319933+00:00,,million_tonnes,;historical_publication_date_unknown
CN,2015-09,CRUDEOIL,TOTIMPSB,KTONS,27950.0000,1,27.95,imports_mt,2015-09-01,https://www.jodidata.org/_resources/files/downloads/oil-data/annual-csv/primary/2015.csv,2026-10-08T10:37:41.319933+00:00,,million_tonnes,;historical_publication_date_unknown
CN,2015-10,CRUDEOIL,CLOSTLV,KTONS,-,3,,closing_stocks_mt,2015-10-01,https://www.jodidata.org/_resources/files/downloads/oil-data/annual-csv/primary/2015.csv,2026-10-08T10:37:41.319933+00:00,,million_tonnes,;not_assessed;historical_publication_date_unknown
CN,2015-10,CRUDEOIL,INDPROD,KTONS,18087.0000,1,18.087,production_mt,2015-10-01,https://www.jodidata.org/_resources/files/downloads/oil-data/annual-csv/primary/2015.csv,2026-10-08T10:37:41.319933+00:00,,million_tonnes,;historical_publication_date_unknown
CN,2015-10,CRUDEOIL,REFINOBS,KTONS,46246.0000,1,46.246,calculated_intake_mt,2015-10-01,https://www.jodidata.org/_resources/files/downloads/oil-data/annual-csv/primary/2015.csv,2026-10-08T10:37:41.319933+00:00,,million_tonnes,;supply_derived_excluded_from_model;historical_publication_date_unknown
CN,2015-10,CRUDEOIL,STOCKCH,KTONS,-1809.0000,1,-1.809,stock_change_mt,2015-10-01,https://www.jodidata.org/_resources/files/downloads/oil-data/annual-csv/primary/2015.csv,2026-10-08T10:37:41.319933+00:00,,million_tonnes,;historical_publication_date_unknown
CN,2015-10,CRUDEOIL,TOTEXPSB,KTONS,0.0000,1,0.0,exports_mt,2015-10-01,https://www.jodidata.org/_resources/files/downloads/oil-data/annual-csv/primary/2015.csv,2026-10-08T10:37:41.319933+00:00,,million_tonnes,;historical_publication_date_unknown
CN,2015-10,CRUDEOIL,TOTIMPSB,KTONS,26350.0000,1,26.35,imports_mt,2015-10-01,https://www.jodidata.org/_resources/files/downloads/oil-data/annual-csv/primary/2015.csv,2026-10-08T10:37:41.319933+00:00,,million_tonnes,;historical_publication_date_unknown
CN,2015-11,CRUDEOIL,CLOSTLV,KTONS,-,3,,closing_stocks_mt,2015-11-01,https://www.jodidata.org/_resources/files/downloads/oil-data/annual-csv/primary/2015.csv,2026-10-08T10:37:41.319933+00:00,,million_tonnes,;not_assessed;historical_publication_date_unknown
CN,2015-11,CRUDEOIL,INDPROD,KTONS,17660.0000,1,17.66,production_mt,2015-11-01,https://www.jodidata.org/_resources/files/downloads/oil-data/annual-csv/primary/2015.csv,2026-10-08T10:37:41.319933+00:00,,million_tonnes,;historical_publication_date_unknown
CN,2015-11,CRUDEOIL,REFINOBS,KTONS,46438.0000,1,46.438,calculated_intake_mt,2015-11-01,https://www.jodidata.org/_resources/files/downloads/oil-data/annual-csv/primary/2015.csv,2026-10-08T10:37:41.319933+00:00,,million_tonnes,;supply_derived_excluded_from_model;historical_publication_date_unknown
CN,2015-11,CRUDEOIL,STOCKCH,KTONS,-1758.0000,1,-1.758,stock_change_mt,2015-11-01,https://www.jodidata.org/_resources/files/downloads/oil-data/annual-csv/primary/2015.csv,2026-10-08T10:37:41.319933+00:00,,million_tonnes,;historical_publication_date_unknown
CN,2015-11,CRUDEOIL,TOTEXPSB,KTONS,320.0000,1,0.32,exports_mt,2015-11-01,https://www.jodidata.org/_resources/files/downloads/oil-data/annual-csv/primary/2015.csv,2026-10-08T10:37:41.319933+00:00,,million_tonnes,;historical_publication_date_unknown
CN,2015-11,CRUDEOIL,TOTIMPSB,KTONS,27340.0000,1,27.34,imports_mt,2015-11-01,https://www.jodidata.org/_resources/files/downloads/oil-data/annual-csv/primary/2015.csv,2026-10-08T10:37:41.319933+00:00,,million_tonnes,;historical_publication_date_unknown
CN,2015-12,CRUDEOIL,CLOSTLV,KTONS,-,3,,closing_stocks_mt,2015-12-01,https://www.jodidata.org/_resources/files/downloads/oil-data/annual-csv/primary/2015.csv,2026-10-08T10:37:41.319933+00:00,,million_tonnes,;not_assessed;historical_publication_date_unknown
CN,2015-12,CRUDEOIL,INDPROD,KTONS,18154.0000,1,18.154,production_mt,2015-12-01,https://www.jodidata.org/_resources/files/downloads/oil-data/annual-csv/primary/2015.csv,2026-10-08T10:37:41.319933+00:00,,million_tonnes,;historical_publication_date_unknown
CN,2015-12,CRUDEOIL,REFINOBS,KTONS,53017.0000,1,53.017,calculated_intake_mt,2015-12-01,https://www.jodidata.org/_resources/files/downloads/oil-data/annual-csv/primary/2015.csv,2026-10-08T10:37:41.319933+00:00,,million_tonnes,;supply_derived_excluded_from_model;historical_publication_date_unknown
CN,2015-12,CRUDEOIL,STOCKCH,KTONS,-1923.0000,1,-1.923,stock_change_mt,2015-12-01,https://www.jodidata.org/_resources/files/downloads/oil-data/annual-csv/primary/2015.csv,2026-10-08T10:37:41.319933+00:00,,million_tonnes,;historical_publication_date_unknown
CN,2015-12,CRUDEOIL,TOTEXPSB,KTONS,250.0000,1,0.25,exports_mt,2015-12-01,https://www.jodidata.org/_resources/files/downloads/oil-data/annual-csv/primary/2015.csv,2026-10-08T10:37:41.319933+00:00,,million_tonnes,;historical_publication_date_unknown
CN,2015-12,CRUDEOIL,TOTIMPSB,KTONS,33190.0000,1,33.19,imports_mt,2015-12-01,https://www.jodidata.org/_resources/files/downloads/oil-data/annual-csv/primary/2015.csv,2026-10-08T10:37:41.319933+00:00,,million_tonnes,;historical_publication_date_unknown
CN,2016-01,CRUDEOIL,CLOSTLV,KTONS,-,3,,closing_stocks_mt,2016-01-01,https://www.jodidata.org/_resources/files/downloads/oil-data/annual-csv/primary/2016.csv,2026-10-08T10:37:44.852913+00:00,,million_tonnes,jan_feb_calendar_disaggregated;not_assessed;historical_publication_date_unknown
CN,2016-01,CRUDEOIL,INDPROD,KTONS,17622.0000,1,17.622,production_mt,2016-01-01,https://www.jodidata.org/_resources/files/downloads/oil-data/annual-csv/primary/2016.csv,2026-10-08T10:37:44.852913+00:00,,million_tonnes,jan_feb_calendar_disaggregated;historical_publication_date_unknown
CN,2016-01,CRUDEOIL,REFINOBS,KTONS,47234.0000,1,47.234,calculated_intake_mt,2016-01-01,https://www.jodidata.org/_resources/files/downloads/oil-data/annual-csv/primary/2016.csv,2026-10-08T10:37:44.852913+00:00,,million_tonnes,jan_feb_calendar_disaggregated;supply_derived_excluded_from_model;historical_publication_date_unknown
CN,2016-01,CRUDEOIL,STOCKCH,KTONS,515.0000,1,0.515,stock_change_mt,2016-01-01,https://www.jodidata.org/_resources/files/downloads/oil-data/annual-csv/primary/2016.csv,2026-10-08T10:37:44.852913+00:00,,million_tonnes,jan_feb_calendar_disaggregated;historical_publication_date_unknown
CN,2016-01,CRUDEOIL,TOTEXPSB,KTONS,93.0000,1,0.093,exports_mt,2016-01-01,https://www.jodidata.org/_resources/files/downloads/oil-data/annual-csv/primary/2016.csv,2026-10-08T10:37:44.852913+00:00,,million_tonnes,jan_feb_calendar_disaggregated;historical_publication_date_unknown
CN,2016-01,CRUDEOIL,TOTIMPSB,KTONS,30220.0000,1,30.22,imports_mt,2016-01-01,https://www.jodidata.org/_resources/files/downloads/oil-data/annual-csv/primary/2016.csv,2026-10-08T10:37:44.852913+00:00,,million_tonnes,jan_feb_calendar_disaggregated;historical_publication_date_unknown
CN,2016-02,CRUDEOIL,CLOSTLV,KTONS,-,3,,closing_stocks_mt,2016-02-01,https://www.jodidata.org/_resources/files/downloads/oil-data/annual-csv/primary/2016.csv,2026-10-08T10:37:44.852913+00:00,,million_tonnes,jan_feb_calendar_disaggregated;not_assessed;historical_publication_date_unknown
CN,2016-02,CRUDEOIL,INDPROD,KTONS,16485.0000,1,16.485,production_mt,2016-02-01,https://www.jodidata.org/_resources/files/downloads/oil-data/annual-csv/primary/2016.csv,2026-10-08T10:37:44.852913+00:00,,million_tonnes,jan_feb_calendar_disaggregated;historical_publication_date_unknown
CN,2016-02,CRUDEOIL,REFINOBS,KTONS,44187.0000,1,44.187,calculated_intake_mt,2016-02-01,https://www.jodidata.org/_resources/files/downloads/oil-data/annual-csv/primary/2016.csv,2026-10-08T10:37:44.852913+00:00,,million_tonnes,jan_feb_calendar_disaggregated;supply_derived_excluded_from_model;historical_publication_date_unknown
CN,2016-02,CRUDEOIL,STOCKCH,KTONS,482.0000,1,0.482,stock_change_mt,2016-02-01,https://www.jodidata.org/_resources/files/downloads/oil-data/annual-csv/primary/2016.csv,2026-10-08T10:37:44.852913+00:00,,million_tonnes,jan_feb_calendar_disaggregated;historical_publication_date_unknown
CN,2016-02,CRUDEOIL,TOTEXPSB,KTONS,87.0000,1,0.087,exports_mt,2016-02-01,https://www.jodidata.org/_resources/files/downloads/oil-data/annual-csv/primary/2016.csv,2026-10-08T10:37:44.852913+00:00,,million_tonnes,jan_feb_calendar_disaggregated;historical_publication_date_unknown
CN,2016-02,CRUDEOIL,TOTIMPSB,KTONS,28270.0000,1,28.27,imports_mt,2016-02-01,https://www.jodidata.org/_resources/files/downloads/oil-data/annual-csv/primary/2016.csv,2026-10-08T10:37:44.852913+00:00,,million_tonnes,jan_feb_calendar_disaggregated;historical_publication_date_unknown
CN,2016-03,CRUDEOIL,CLOSTLV,KTONS,-,3,,closing_stocks_mt,2016-03-01,https://www.jodidata.org/_resources/files/downloads/oil-data/annual-csv/primary/2016.csv,2026-10-08T10:37:44.852913+00:00,,million_tonnes,;not_assessed;historical_publication_date_unknown
CN,2016-03,CRUDEOIL,INDPROD,KTONS,17370.0000,1,17.37,production_mt,2016-03-01,https://www.jodidata.org/_resources/files/downloads/oil-data/annual-csv/primary/2016.csv,2026-10-08T10:37:44.852913+00:00,,million_tonnes,;historical_publication_date_unknown
CN,2016-03,CRUDEOIL,REFINOBS,KTONS,49337.0000,1,49.337,calculated_intake_mt,2016-03-01,https://www.jodidata.org/_resources/files/downloads/oil-data/annual-csv/primary/2016.csv,2026-10-08T10:37:44.852913+00:00,,million_tonnes,;supply_derived_excluded_from_model;historical_publication_date_unknown
CN,2016-03,CRUDEOIL,STOCKCH,KTONS,13.0000,1,0.013,stock_change_mt,2016-03-01,https://www.jodidata.org/_resources/files/downloads/oil-data/annual-csv/primary/2016.csv,2026-10-08T10:37:44.852913+00:00,,million_tonnes,;historical_publication_date_unknown
CN,2016-03,CRUDEOIL,TOTEXPSB,KTONS,630.0000,1,0.63,exports_mt,2016-03-01,https://www.jodidata.org/_resources/files/downloads/oil-data/annual-csv/primary/2016.csv,2026-10-08T10:37:44.852913+00:00,,million_tonnes,;historical_publication_date_unknown
CN,2016-03,CRUDEOIL,TOTIMPSB,KTONS,32610.0000,1,32.61,imports_mt,2016-03-01,https://www.jodidata.org/_resources/files/downloads/oil-data/annual-csv/primary/2016.csv,2026-10-08T10:37:44.852913+00:00,,million_tonnes,;historical_publication_date_unknown
CN,2016-04,CRUDEOIL,CLOSTLV,KTONS,-,3,,closing_stocks_mt,2016-04-01,https://www.jodidata.org/_resources/files/downloads/oil-data/annual-csv/primary/2016.csv,2026-10-08T10:37:44.852913+00:00,,million_tonnes,;not_assessed;historical_publication_date_unknown
CN,2016-04,CRUDEOIL,INDPROD,KTONS,16590.0000,1,16.59,production_mt,2016-04-01,https://www.jodidata.org/_resources/files/downloads/oil-data/annual-csv/primary/2016.csv,2026-10-08T10:37:44.852913+00:00,,million_tonnes,;historical_publication_date_unknown
CN,2016-04,CRUDEOIL,REFINOBS,KTONS,48989.0000,1,48.989,calculated_intake_mt,2016-04-01,https://www.jodidata.org/_resources/files/downloads/oil-data/annual-csv/primary/2016.csv,2026-10-08T10:37:44.852913+00:00,,million_tonnes,;supply_derived_excluded_from_model;historical_publication_date_unknown
CN,2016-04,CRUDEOIL,STOCKCH,KTONS,-79.0000,1,-0.079,stock_change_mt,2016-04-01,https://www.jodidata.org/_resources/files/downloads/oil-data/annual-csv/primary/2016.csv,2026-10-08T10:37:44.852913+00:00,,million_tonnes,;historical_publication_date_unknown
CN,2016-04,CRUDEOIL,TOTEXPSB,KTONS,260.0000,1,0.26,exports_mt,2016-04-01,https://www.jodidata.org/_resources/files/downloads/oil-data/annual-csv/primary/2016.csv,2026-10-08T10:37:44.852913+00:00,,million_tonnes,;historical_publication_date_unknown
CN,2016-04,CRUDEOIL,TOTIMPSB,KTONS,32580.0000,1,32.58,imports_mt,2016-04-01,https://www.jodidata.org/_resources/files/downloads/oil-data/annual-csv/primary/2016.csv,2026-10-08T10:37:44.852913+00:00,,million_tonnes,;historical_publication_date_unknown
CN,2016-05,CRUDEOIL,CLOSTLV,KTONS,-,3,,closing_stocks_mt,2016-05-01,https://www.jodidata.org/_resources/files/downloads/oil-data/annual-csv/primary/2016.csv,2026-10-08T10:37:44.852913+00:00,,million_tonnes,;not_assessed;historical_publication_date_unknown
CN,2016-05,CRUDEOIL,INDPROD,KTONS,16871.0000,1,16.871,production_mt,2016-05-01,https://www.jodidata.org/_resources/files/downloads/oil-data/annual-csv/primary/2016.csv,2026-10-08T10:37:44.852913+00:00,,million_tonnes,;historical_publication_date_unknown
CN,2016-05,CRUDEOIL,REFINOBS,KTONS,48910.0000,1,48.91,calculated_intake_mt,2016-05-01,https://www.jodidata.org/_resources/files/downloads/oil-data/annual-csv/primary/2016.csv,2026-10-08T10:37:44.852913+00:00,,million_tonnes,;supply_derived_excluded_from_model;historical_publication_date_unknown
CN,2016-05,CRUDEOIL,STOCKCH,KTONS,201.0000,1,0.201,stock_change_mt,2016-05-01,https://www.jodidata.org/_resources/files/downloads/oil-data/annual-csv/primary/2016.csv,2026-10-08T10:37:44.852913+00:00,,million_tonnes,;historical_publication_date_unknown
CN,2016-05,CRUDEOIL,TOTEXPSB,KTONS,0.0000,1,0.0,exports_mt,2016-05-01,https://www.jodidata.org/_resources/files/downloads/oil-data/annual-csv/primary/2016.csv,2026-10-08T10:37:44.852913+00:00,,million_tonnes,;historical_publication_date_unknown
CN,2016-05,CRUDEOIL,TOTIMPSB,KTONS,32240.0000,1,32.24,imports_mt,2016-05-01,https://www.jodidata.org/_resources/files/downloads/oil-data/annual-csv/primary/2016.csv,2026-10-08T10:37:44.852913+00:00,,million_tonnes,;historical_publication_date_unknown
CN,2016-06,CRUDEOIL,CLOSTLV,KTONS,-,3,,closing_stocks_mt,2016-06-01,https://www.jodidata.org/_resources/files/downloads/oil-data/annual-csv/primary/2016.csv,2026-10-08T10:37:44.852913+00:00,,million_tonnes,;not_assessed;historical_publication_date_unknown
CN,2016-06,CRUDEOIL,INDPROD,KTONS,16580.0000,1,16.58,production_mt,2016-06-01,https://www.jodidata.org/_resources/files/downloads/oil-data/annual-csv/primary/2016.csv,2026-10-08T10:37:44.852913+00:00,,million_tonnes,;historical_publication_date_unknown
CN,2016-06,CRUDEOIL,REFINOBS,KTONS,47046.0000,1,47.046,calculated_intake_mt,2016-06-01,https://www.jodidata.org/_resources/files/downloads/oil-data/annual-csv/primary/2016.csv,2026-10-08T10:37:44.852913+00:00,,million_tonnes,;supply_derived_excluded_from_model;historical_publication_date_unknown
CN,2016-06,CRUDEOIL,STOCKCH,KTONS,14.0000,1,0.014,stock_change_mt,2016-06-01,https://www.jodidata.org/_resources/files/downloads/oil-data/annual-csv/primary/2016.csv,2026-10-08T10:37:44.852913+00:00,,million_tonnes,;historical_publication_date_unknown
CN,2016-06,CRUDEOIL,TOTEXPSB,KTONS,140.0000,1,0.14,exports_mt,2016-06-01,https://www.jodidata.org/_resources/files/downloads/oil-data/annual-csv/primary/2016.csv,2026-10-08T10:37:44.852913+00:00,,million_tonnes,;historical_publication_date_unknown
CN,2016-06,CRUDEOIL,TOTIMPSB,KTONS,30620.0000,1,30.62,imports_mt,2016-06-01,https://www.jodidata.org/_resources/files/downloads/oil-data/annual-csv/primary/2016.csv,2026-10-08T10:37:44.852913+00:00,,million_tonnes,;historical_publication_date_unknown
CN,2016-07,CRUDEOIL,CLOSTLV,KTONS,-,3,,closing_stocks_mt,2016-07-01,https://www.jodidata.org/_resources/files/downloads/oil-data/annual-csv/primary/2016.csv,2026-10-08T10:37:44.852913+00:00,,million_tonnes,;not_assessed;historical_publication_date_unknown
CN,2016-07,CRUDEOIL,INDPROD,KTONS,16723.0000,1,16.723,production_mt,2016-07-01,https://www.jodidata.org/_resources/files/downloads/oil-data/annual-csv/primary/2016.csv,2026-10-08T10:37:44.852913+00:00,,million_tonnes,;historical_publication_date_unknown
CN,2016-07,CRUDEOIL,REFINOBS,KTONS,47929.0000,1,47.929,calculated_intake_mt,2016-07-01,https://www.jodidata.org/_resources/files/downloads/oil-data/annual-csv/primary/2016.csv,2026-10-08T10:37:44.852913+00:00,,million_tonnes,;supply_derived_excluded_from_model;historical_publication_date_unknown
CN,2016-07,CRUDEOIL,STOCKCH,KTONS,-386.0000,1,-0.386,stock_change_mt,2016-07-01,https://www.jodidata.org/_resources/files/downloads/oil-data/annual-csv/primary/2016.csv,2026-10-08T10:37:44.852913+00:00,,million_tonnes,;historical_publication_date_unknown
CN,2016-07,CRUDEOIL,TOTEXPSB,KTONS,250.0000,1,0.25,exports_mt,2016-07-01,https://www.jodidata.org/_resources/files/downloads/oil-data/annual-csv/primary/2016.csv,2026-10-08T10:37:44.852913+00:00,,million_tonnes,;historical_publication_date_unknown
CN,2016-07,CRUDEOIL,TOTIMPSB,KTONS,31070.0000,1,31.07,imports_mt,2016-07-01,https://www.jodidata.org/_resources/files/downloads/oil-data/annual-csv/primary/2016.csv,2026-10-08T10:37:44.852913+00:00,,million_tonnes,;historical_publication_date_unknown
CN,2016-08,CRUDEOIL,CLOSTLV,KTONS,-,3,,closing_stocks_mt,2016-08-01,https://www.jodidata.org/_resources/files/downloads/oil-data/annual-csv/primary/2016.csv,2026-10-08T10:37:44.852913+00:00,,million_tonnes,;not_assessed;historical_publication_date_unknown
CN,2016-08,CRUDEOIL,INDPROD,KTONS,16450.0000,2,16.45,production_mt,2016-08-01,https://www.jodidata.org/_resources/files/downloads/oil-data/annual-csv/primary/2016.csv,2026-10-08T10:37:44.852913+00:00,,million_tonnes,;historical_publication_date_unknown
CN,2016-08,CRUDEOIL,REFINOBS,KTONS,49084.0000,1,49.084,calculated_intake_mt,2016-08-01,https://www.jodidata.org/_resources/files/downloads/oil-data/annual-csv/primary/2016.csv,2026-10-08T10:37:44.852913+00:00,,million_tonnes,;supply_derived_excluded_from_model;historical_publication_date_unknown
CN,2016-08,CRUDEOIL,STOCKCH,KTONS,-4.0000,1,-0.004,stock_change_mt,2016-08-01,https://www.jodidata.org/_resources/files/downloads/oil-data/annual-csv/primary/2016.csv,2026-10-08T10:37:44.852913+00:00,,million_tonnes,;historical_publication_date_unknown
CN,2016-08,CRUDEOIL,TOTEXPSB,KTONS,220.0000,1,0.22,exports_mt,2016-08-01,https://www.jodidata.org/_resources/files/downloads/oil-data/annual-csv/primary/2016.csv,2026-10-08T10:37:44.852913+00:00,,million_tonnes,;historical_publication_date_unknown
CN,2016-08,CRUDEOIL,TOTIMPSB,KTONS,32850.0000,1,32.85,imports_mt,2016-08-01,https://www.jodidata.org/_resources/files/downloads/oil-data/annual-csv/primary/2016.csv,2026-10-08T10:37:44.852913+00:00,,million_tonnes,;historical_publication_date_unknown
CN,2016-09,CRUDEOIL,CLOSTLV,KTONS,-,3,,closing_stocks_mt,2016-09-01,https://www.jodidata.org/_resources/files/downloads/oil-data/annual-csv/primary/2016.csv,2026-10-08T10:37:44.852913+00:00,,million_tonnes,;not_assessed;historical_publication_date_unknown
CN,2016-09,CRUDEOIL,INDPROD,KTONS,15975.0000,1,15.975,production_mt,2016-09-01,https://www.jodidata.org/_resources/files/downloads/oil-data/annual-csv/primary/2016.csv,2026-10-08T10:37:44.852913+00:00,,million_tonnes,;historical_publication_date_unknown
CN,2016-09,CRUDEOIL,REFINOBS,KTONS,48154.0000,1,48.154,calculated_intake_mt,2016-09-01,https://www.jodidata.org/_resources/files/downloads/oil-data/annual-csv/primary/2016.csv,2026-10-08T10:37:44.852913+00:00,,million_tonnes,;supply_derived_excluded_from_model;historical_publication_date_unknown
CN,2016-09,CRUDEOIL,STOCKCH,KTONS,451.0000,1,0.451,stock_change_mt,2016-09-01,https://www.jodidata.org/_resources/files/downloads/oil-data/annual-csv/primary/2016.csv,2026-10-08T10:37:44.852913+00:00,,million_tonnes,;historical_publication_date_unknown
CN,2016-09,CRUDEOIL,TOTEXPSB,KTONS,430.0000,1,0.43,exports_mt,2016-09-01,https://www.jodidata.org/_resources/files/downloads/oil-data/annual-csv/primary/2016.csv,2026-10-08T10:37:44.852913+00:00,,million_tonnes,;historical_publication_date_unknown
CN,2016-09,CRUDEOIL,TOTIMPSB,KTONS,33060.0000,1,33.06,imports_mt,2016-09-01,https://www.jodidata.org/_resources/files/downloads/oil-data/annual-csv/primary/2016.csv,2026-10-08T10:37:44.852913+00:00,,million_tonnes,;historical_publication_date_unknown
CN,2016-10,CRUDEOIL,CLOSTLV,KTONS,-,3,,closing_stocks_mt,2016-10-01,https://www.jodidata.org/_resources/files/downloads/oil-data/annual-csv/primary/2016.csv,2026-10-08T10:37:44.852913+00:00,,million_tonnes,;not_assessed;historical_publication_date_unknown
CN,2016-10,CRUDEOIL,INDPROD,KTONS,16051.0000,2,16.051,production_mt,2016-10-01,https://www.jodidata.org/_resources/files/downloads/oil-data/annual-csv/primary/2016.csv,2026-10-08T10:37:44.852913+00:00,,million_tonnes,;historical_publication_date_unknown
CN,2016-10,CRUDEOIL,REFINOBS,KTONS,44957.0000,1,44.957,calculated_intake_mt,2016-10-01,https://www.jodidata.org/_resources/files/downloads/oil-data/annual-csv/primary/2016.csv,2026-10-08T10:37:44.852913+00:00,,million_tonnes,;supply_derived_excluded_from_model;historical_publication_date_unknown
CN,2016-10,CRUDEOIL,STOCKCH,KTONS,-406.0000,1,-0.406,stock_change_mt,2016-10-01,https://www.jodidata.org/_resources/files/downloads/oil-data/annual-csv/primary/2016.csv,2026-10-08T10:37:44.852913+00:00,,million_tonnes,;historical_publication_date_unknown
CN,2016-10,CRUDEOIL,TOTEXPSB,KTONS,290.0000,1,0.29,exports_mt,2016-10-01,https://www.jodidata.org/_resources/files/downloads/oil-data/annual-csv/primary/2016.csv,2026-10-08T10:37:44.852913+00:00,,million_tonnes,;historical_publication_date_unknown
CN,2016-10,CRUDEOIL,TOTIMPSB,KTONS,28790.0000,1,28.79,imports_mt,2016-10-01,https://www.jodidata.org/_resources/files/downloads/oil-data/annual-csv/primary/2016.csv,2026-10-08T10:37:44.852913+00:00,,million_tonnes,;historical_publication_date_unknown
CN,2016-11,CRUDEOIL,CLOSTLV,KTONS,-,3,,closing_stocks_mt,2016-11-01,https://www.jodidata.org/_resources/files/downloads/oil-data/annual-csv/primary/2016.csv,2026-10-08T10:37:44.852913+00:00,,million_tonnes,;not_assessed;historical_publication_date_unknown
CN,2016-11,CRUDEOIL,INDPROD,KTONS,16090.0000,1,16.09,production_mt,2016-11-01,https://www.jodidata.org/_resources/files/downloads/oil-data/annual-csv/primary/2016.csv,2026-10-08T10:37:44.852913+00:00,,million_tonnes,;historical_publication_date_unknown
CN,2016-11,CRUDEOIL,REFINOBS,KTONS,48623.0000,1,48.623,calculated_intake_mt,2016-11-01,https://www.jodidata.org/_resources/files/downloads/oil-data/annual-csv/primary/2016.csv,2026-10-08T10:37:44.852913+00:00,,million_tonnes,;supply_derived_excluded_from_model;historical_publication_date_unknown
CN,2016-11,CRUDEOIL,STOCKCH,KTONS,-373.0000,1,-0.373,stock_change_mt,2016-11-01,https://www.jodidata.org/_resources/files/downloads/oil-data/annual-csv/primary/2016.csv,2026-10-08T10:37:44.852913+00:00,,million_tonnes,;historical_publication_date_unknown
CN,2016-11,CRUDEOIL,TOTEXPSB,KTONS,190.0000,1,0.19,exports_mt,2016-11-01,https://www.jodidata.org/_resources/files/downloads/oil-data/annual-csv/primary/2016.csv,2026-10-08T10:37:44.852913+00:00,,million_tonnes,;historical_publication_date_unknown
CN,2016-11,CRUDEOIL,TOTIMPSB,KTONS,32350.0000,1,32.35,imports_mt,2016-11-01,https://www.jodidata.org/_resources/files/downloads/oil-data/annual-csv/primary/2016.csv,2026-10-08T10:37:44.852913+00:00,,million_tonnes,;historical_publication_date_unknown
CN,2016-12,CRUDEOIL,CLOSTLV,KTONS,-,3,,closing_stocks_mt,2016-12-01,https://www.jodidata.org/_resources/files/downloads/oil-data/annual-csv/primary/2016.csv,2026-10-08T10:37:44.852913+00:00,,million_tonnes,;not_assessed;historical_publication_date_unknown
CN,2016-12,CRUDEOIL,INDPROD,KTONS,16772.0000,1,16.772,production_mt,2016-12-01,https://www.jodidata.org/_resources/files/downloads/oil-data/annual-csv/primary/2016.csv,2026-10-08T10:37:44.852913+00:00,,million_tonnes,;historical_publication_date_unknown
CN,2016-12,CRUDEOIL,REFINOBS,KTONS,52814.0000,1,52.814,calculated_intake_mt,2016-12-01,https://www.jodidata.org/_resources/files/downloads/oil-data/annual-csv/primary/2016.csv,2026-10-08T10:37:44.852913+00:00,,million_tonnes,;supply_derived_excluded_from_model;historical_publication_date_unknown
CN,2016-12,CRUDEOIL,STOCKCH,KTONS,-2.0000,1,-0.002,stock_change_mt,2016-12-01,https://www.jodidata.org/_resources/files/downloads/oil-data/annual-csv/primary/2016.csv,2026-10-08T10:37:44.852913+00:00,,million_tonnes,;historical_publication_date_unknown
CN,2016-12,CRUDEOIL,TOTEXPSB,KTONS,340.0000,1,0.34,exports_mt,2016-12-01,https://www.jodidata.org/_resources/files/downloads/oil-data/annual-csv/primary/2016.csv,2026-10-08T10:37:44.852913+00:00,,million_tonnes,;historical_publication_date_unknown
CN,2016-12,CRUDEOIL,TOTIMPSB,KTONS,36380.0000,1,36.38,imports_mt,2016-12-01,https://www.jodidata.org/_resources/files/downloads/oil-data/annual-csv/primary/2016.csv,2026-10-08T10:37:44.852913+00:00,,million_tonnes,;historical_publication_date_unknown
CN,2017-01,CRUDEOIL,CLOSTLV,KTONS,-,3,,closing_stocks_mt,2017-01-01,https://www.jodidata.org/_resources/files/downloads/oil-data/annual-csv/primary/2017.csv,2026-10-08T10:37:58.596973+00:00,,million_tonnes,jan_feb_calendar_disaggregated;not_assessed;historical_publication_date_unknown
CN,2017-01,CRUDEOIL,INDPROD,KTONS,16521.0000,1,16.521,production_mt,2017-01-01,https://www.jodidata.org/_resources/files/downloads/oil-data/annual-csv/primary/2017.csv,2026-10-08T10:37:58.596973+00:00,,million_tonnes,jan_feb_calendar_disaggregated;historical_publication_date_unknown
CN,2017-01,CRUDEOIL,REFINOBS,KTONS,50451.0000,1,50.451,calculated_intake_mt,2017-01-01,https://www.jodidata.org/_resources/files/downloads/oil-data/annual-csv/primary/2017.csv,2026-10-08T10:37:58.596973+00:00,,million_tonnes,jan_feb_calendar_disaggregated;supply_derived_excluded_from_model;historical_publication_date_unknown
CN,2017-01,CRUDEOIL,STOCKCH,KTONS,349.0000,1,0.349,stock_change_mt,2017-01-01,https://www.jodidata.org/_resources/files/downloads/oil-data/annual-csv/primary/2017.csv,2026-10-08T10:37:58.596973+00:00,,million_tonnes,jan_feb_calendar_disaggregated;historical_publication_date_unknown
CN,2017-01,CRUDEOIL,TOTEXPSB,KTONS,284.0000,1,0.284,exports_mt,2017-01-01,https://www.jodidata.org/_resources/files/downloads/oil-data/annual-csv/primary/2017.csv,2026-10-08T10:37:58.596973+00:00,,million_tonnes,jan_feb_calendar_disaggregated;historical_publication_date_unknown
CN,2017-01,CRUDEOIL,TOTIMPSB,KTONS,34562.0000,1,34.562,imports_mt,2017-01-01,https://www.jodidata.org/_resources/files/downloads/oil-data/annual-csv/primary/2017.csv,2026-10-08T10:37:58.596973+00:00,,million_tonnes,jan_feb_calendar_disaggregated;historical_publication_date_unknown
CN,2017-02,CRUDEOIL,CLOSTLV,KTONS,-,3,,closing_stocks_mt,2017-02-01,https://www.jodidata.org/_resources/files/downloads/oil-data/annual-csv/primary/2017.csv,2026-10-08T10:37:58.596973+00:00,,million_tonnes,jan_feb_calendar_disaggregated;not_assessed;historical_publication_date_unknown
CN,2017-02,CRUDEOIL,INDPROD,KTONS,14923.0000,2,14.923,production_mt,2017-02-01,https://www.jodidata.org/_resources/files/downloads/oil-data/annual-csv/primary/2017.csv,2026-10-08T10:37:58.596973+00:00,,million_tonnes,jan_feb_calendar_disaggregated;historical_publication_date_unknown
CN,2017-02,CRUDEOIL,REFINOBS,KTONS,45569.0000,1,45.569,calculated_intake_mt,2017-02-01,https://www.jodidata.org/_resources/files/downloads/oil-data/annual-csv/primary/2017.csv,2026-10-08T10:37:58.596973+00:00,,million_tonnes,jan_feb_calendar_disaggregated;supply_derived_excluded_from_model;historical_publication_date_unknown
CN,2017-02,CRUDEOIL,STOCKCH,KTONS,315.0000,1,0.315,stock_change_mt,2017-02-01,https://www.jodidata.org/_resources/files/downloads/oil-data/annual-csv/primary/2017.csv,2026-10-08T10:37:58.596973+00:00,,million_tonnes,jan_feb_calendar_disaggregated;historical_publication_date_unknown
CN,2017-02,CRUDEOIL,TOTEXPSB,KTONS,256.0000,1,0.256,exports_mt,2017-02-01,https://www.jodidata.org/_resources/files/downloads/oil-data/annual-csv/primary/2017.csv,2026-10-08T10:37:58.596973+00:00,,million_tonnes,jan_feb_calendar_disaggregated;historical_publication_date_unknown
CN,2017-02,CRUDEOIL,TOTIMPSB,KTONS,31218.0000,1,31.218,imports_mt,2017-02-01,https://www.jodidata.org/_resources/files/downloads/oil-data/annual-csv/primary/2017.csv,2026-10-08T10:37:58.596973+00:00,,million_tonnes,jan_feb_calendar_disaggregated;historical_publication_date_unknown
CN,2017-03,CRUDEOIL,CLOSTLV,KTONS,-,3,,closing_stocks_mt,2017-03-01,https://www.jodidata.org/_resources/files/downloads/oil-data/annual-csv/primary/2017.csv,2026-10-08T10:37:58.596973+00:00,,million_tonnes,;not_assessed;historical_publication_date_unknown
CN,2017-03,CRUDEOIL,INDPROD,KTONS,16575.0000,1,16.575,production_mt,2017-03-01,https://www.jodidata.org/_resources/files/downloads/oil-data/annual-csv/primary/2017.csv,2026-10-08T10:37:58.596973+00:00,,million_tonnes,;historical_publication_date_unknown
CN,2017-03,CRUDEOIL,REFINOBS,KTONS,54546.0000,1,54.546,calculated_intake_mt,2017-03-01,https://www.jodidata.org/_resources/files/downloads/oil-data/annual-csv/primary/2017.csv,2026-10-08T10:37:58.596973+00:00,,million_tonnes,;supply_derived_excluded_from_model;historical_publication_date_unknown
CN,2017-03,CRUDEOIL,STOCKCH,KTONS,-261.0000,1,-0.261,stock_change_mt,2017-03-01,https://www.jodidata.org/_resources/files/downloads/oil-data/annual-csv/primary/2017.csv,2026-10-08T10:37:58.596973+00:00,,million_tonnes,;historical_publication_date_unknown
CN,2017-03,CRUDEOIL,TOTEXPSB,KTONS,1240.0000,1,1.24,exports_mt,2017-03-01,https://www.jodidata.org/_resources/files/downloads/oil-data/annual-csv/primary/2017.csv,2026-10-08T10:37:58.596973+00:00,,million_tonnes,;historical_publication_date_unknown
CN,2017-03,CRUDEOIL,TOTIMPSB,KTONS,38950.0000,1,38.95,imports_mt,2017-03-01,https://www.jodidata.org/_resources/files/downloads/oil-data/annual-csv/primary/2017.csv,2026-10-08T10:37:58.596973+00:00,,million_tonnes,;historical_publication_date_unknown
CN,2017-04,CRUDEOIL,CLOSTLV,KTONS,-,3,,closing_stocks_mt,2017-04-01,https://www.jodidata.org/_resources/files/downloads/oil-data/annual-csv/primary/2017.csv,2026-10-08T10:37:58.596973+00:00,,million_tonnes,;not_assessed;historical_publication_date_unknown
CN,2017-04,CRUDEOIL,INDPROD,KTONS,15990.0000,1,15.99,production_mt,2017-04-01,https://www.jodidata.org/_resources/files/downloads/oil-data/annual-csv/primary/2017.csv,2026-10-08T10:37:58.596973+00:00,,million_tonnes,;historical_publication_date_unknown
CN,2017-04,CRUDEOIL,REFINOBS,KTONS,50161.0000,1,50.161,calculated_intake_mt,2017-04-01,https://www.jodidata.org/_resources/files/downloads/oil-data/annual-csv/primary/2017.csv,2026-10-08T10:37:58.596973+00:00,,million_tonnes,;supply_derived_excluded_from_model;historical_publication_date_unknown
CN,2017-04,CRUDEOIL,STOCKCH,KTONS,-141.0000,1,-0.141,stock_change_mt,2017-04-01,https://www.jodidata.org/_resources/files/downloads/oil-data/annual-csv/primary/2017.csv,2026-10-08T10:37:58.596973+00:00,,million_tonnes,;historical_publication_date_unknown
CN,2017-04,CRUDEOIL,TOTEXPSB,KTONS,360.0000,1,0.36,exports_mt,2017-04-01,https://www.jodidata.org/_resources/files/downloads/oil-data/annual-csv/primary/2017.csv,2026-10-08T10:37:58.596973+00:00,,million_tonnes,;historical_publication_date_unknown
CN,2017-04,CRUDEOIL,TOTIMPSB,KTONS,34390.0000,1,34.39,imports_mt,2017-04-01,https://www.jodidata.org/_resources/files/downloads/oil-data/annual-csv/primary/2017.csv,2026-10-08T10:37:58.596973+00:00,,million_tonnes,;historical_publication_date_unknown
CN,2017-05,CRUDEOIL,CLOSTLV,KTONS,-,3,,closing_stocks_mt,2017-05-01,https://www.jodidata.org/_resources/files/downloads/oil-data/annual-csv/primary/2017.csv,2026-10-08T10:37:58.596973+00:00,,million_tonnes,;not_assessed;historical_publication_date_unknown
CN,2017-05,CRUDEOIL,INDPROD,KTONS,16263.0000,2,16.263,production_mt,2017-05-01,https://www.jodidata.org/_resources/files/downloads/oil-data/annual-csv/primary/2017.csv,2026-10-08T10:37:58.596973+00:00,,million_tonnes,;historical_publication_date_unknown
CN,2017-05,CRUDEOIL,REFINOBS,KTONS,53143.0000,1,53.143,calculated_intake_mt,2017-05-01,https://www.jodidata.org/_resources/files/downloads/oil-data/annual-csv/primary/2017.csv,2026-10-08T10:37:58.596973+00:00,,million_tonnes,;supply_derived_excluded_from_model;historical_publication_date_unknown
CN,2017-05,CRUDEOIL,STOCKCH,KTONS,90.0000,1,0.09,stock_change_mt,2017-05-01,https://www.jodidata.org/_resources/files/downloads/oil-data/annual-csv/primary/2017.csv,2026-10-08T10:37:58.596973+00:00,,million_tonnes,;historical_publication_date_unknown
CN,2017-05,CRUDEOIL,TOTEXPSB,KTONS,230.0000,1,0.23,exports_mt,2017-05-01,https://www.jodidata.org/_resources/files/downloads/oil-data/annual-csv/primary/2017.csv,2026-10-08T10:37:58.596973+00:00,,million_tonnes,;historical_publication_date_unknown
CN,2017-05,CRUDEOIL,TOTIMPSB,KTONS,37200.0000,1,37.2,imports_mt,2017-05-01,https://www.jodidata.org/_resources/files/downloads/oil-data/annual-csv/primary/2017.csv,2026-10-08T10:37:58.596973+00:00,,million_tonnes,;historical_publication_date_unknown
CN,2017-06,CRUDEOIL,CLOSTLV,KTONS,-,3,,closing_stocks_mt,2017-06-01,https://www.jodidata.org/_resources/files/downloads/oil-data/annual-csv/primary/2017.csv,2026-10-08T10:37:58.596973+00:00,,million_tonnes,;not_assessed;historical_publication_date_unknown
CN,2017-06,CRUDEOIL,INDPROD,KTONS,16212.0000,1,16.212,production_mt,2017-06-01,https://www.jodidata.org/_resources/files/downloads/oil-data/annual-csv/primary/2017.csv,2026-10-08T10:37:58.596973+00:00,,million_tonnes,;historical_publication_date_unknown
CN,2017-06,CRUDEOIL,REFINOBS,KTONS,51564.0000,1,51.564,calculated_intake_mt,2017-06-01,https://www.jodidata.org/_resources/files/downloads/oil-data/annual-csv/primary/2017.csv,2026-10-08T10:37:58.596973+00:00,,million_tonnes,;supply_derived_excluded_from_model;historical_publication_date_unknown
CN,2017-06,CRUDEOIL,STOCKCH,KTONS,438.0000,1,0.438,stock_change_mt,2017-06-01,https://www.jodidata.org/_resources/files/downloads/oil-data/annual-csv/primary/2017.csv,2026-10-08T10:37:58.596973+00:00,,million_tonnes,;historical_publication_date_unknown
CN,2017-06,CRUDEOIL,TOTEXPSB,KTONS,320.0000,1,0.32,exports_mt,2017-06-01,https://www.jodidata.org/_resources/files/downloads/oil-data/annual-csv/primary/2017.csv,2026-10-08T10:37:58.596973+00:00,,million_tonnes,;historical_publication_date_unknown
CN,2017-06,CRUDEOIL,TOTIMPSB,KTONS,36110.0000,1,36.11,imports_mt,2017-06-01,https://www.jodidata.org/_resources/files/downloads/oil-data/annual-csv/primary/2017.csv,2026-10-08T10:37:58.596973+00:00,,million_tonnes,;historical_publication_date_unknown
CN,2017-07,CRUDEOIL,CLOSTLV,KTONS,-,3,,closing_stocks_mt,2017-07-01,https://www.jodidata.org/_resources/files/downloads/oil-data/annual-csv/primary/2017.csv,2026-10-08T10:37:58.596973+00:00,,million_tonnes,;not_assessed;historical_publication_date_unknown
CN,2017-07,CRUDEOIL,INDPROD,KTONS,16249.0000,2,16.249,production_mt,2017-07-01,https://www.jodidata.org/_resources/files/downloads/oil-data/annual-csv/primary/2017.csv,2026-10-08T10:37:58.596973+00:00,,million_tonnes,;historical_publication_date_unknown
CN,2017-07,CRUDEOIL,REFINOBS,KTONS,50706.0000,1,50.706,calculated_intake_mt,2017-07-01,https://www.jodidata.org/_resources/files/downloads/oil-data/annual-csv/primary/2017.csv,2026-10-08T10:37:58.596973+00:00,,million_tonnes,;supply_derived_excluded_from_model;historical_publication_date_unknown
CN,2017-07,CRUDEOIL,STOCKCH,KTONS,93.0000,1,0.093,stock_change_mt,2017-07-01,https://www.jodidata.org/_resources/files/downloads/oil-data/annual-csv/primary/2017.csv,2026-10-08T10:37:58.596973+00:00,,million_tonnes,;historical_publication_date_unknown
CN,2017-07,CRUDEOIL,TOTEXPSB,KTONS,190.0000,1,0.19,exports_mt,2017-07-01,https://www.jodidata.org/_resources/files/downloads/oil-data/annual-csv/primary/2017.csv,2026-10-08T10:37:58.596973+00:00,,million_tonnes,;historical_publication_date_unknown
CN,2017-07,CRUDEOIL,TOTIMPSB,KTONS,34740.0000,1,34.74,imports_mt,2017-07-01,https://www.jodidata.org/_resources/files/downloads/oil-data/annual-csv/primary/2017.csv,2026-10-08T10:37:58.596973+00:00,,million_tonnes,;historical_publication_date_unknown
CN,2017-08,CRUDEOIL,CLOSTLV,KTONS,-,3,,closing_stocks_mt,2017-08-01,https://www.jodidata.org/_resources/files/downloads/oil-data/annual-csv/primary/2017.csv,2026-10-08T10:37:58.596973+00:00,,million_tonnes,;not_assessed;historical_publication_date_unknown
CN,2017-08,CRUDEOIL,INDPROD,KTONS,15957.0000,2,15.957,production_mt,2017-08-01,https://www.jodidata.org/_resources/files/downloads/oil-data/annual-csv/primary/2017.csv,2026-10-08T10:37:58.596973+00:00,,million_tonnes,;historical_publication_date_unknown
CN,2017-08,CRUDEOIL,REFINOBS,KTONS,50103.0000,1,50.103,calculated_intake_mt,2017-08-01,https://www.jodidata.org/_resources/files/downloads/oil-data/annual-csv/primary/2017.csv,2026-10-08T10:37:58.596973+00:00,,million_tonnes,;supply_derived_excluded_from_model;historical_publication_date_unknown
CN,2017-08,CRUDEOIL,STOCKCH,KTONS,-426.0000,1,-0.426,stock_change_mt,2017-08-01,https://www.jodidata.org/_resources/files/downloads/oil-data/annual-csv/primary/2017.csv,2026-10-08T10:37:58.596973+00:00,,million_tonnes,;historical_publication_date_unknown
CN,2017-08,CRUDEOIL,TOTEXPSB,KTONS,260.0000,1,0.26,exports_mt,2017-08-01,https://www.jodidata.org/_resources/files/downloads/oil-data/annual-csv/primary/2017.csv,2026-10-08T10:37:58.596973+00:00,,million_tonnes,;historical_publication_date_unknown
CN,2017-08,CRUDEOIL,TOTIMPSB,KTONS,33980.0000,1,33.98,imports_mt,2017-08-01,https://www.jodidata.org/_resources/files/downloads/oil-data/annual-csv/primary/2017.csv,2026-10-08T10:37:58.596973+00:00,,million_tonnes,;historical_publication_date_unknown
CN,2017-09,CRUDEOIL,CLOSTLV,KTONS,-,3,,closing_stocks_mt,2017-09-01,https://www.jodidata.org/_resources/files/downloads/oil-data/annual-csv/primary/2017.csv,2026-10-08T10:37:58.596973+00:00,,million_tonnes,;not_assessed;historical_publication_date_unknown
CN,2017-09,CRUDEOIL,INDPROD,KTONS,15529.0000,2,15.529,production_mt,2017-09-01,https://www.jodidata.org/_resources/files/downloads/oil-data/annual-csv/primary/2017.csv,2026-10-08T10:37:58.596973+00:00,,million_tonnes,;historical_publication_date_unknown
CN,2017-09,CRUDEOIL,REFINOBS,KTONS,52727.0000,1,52.727,calculated_intake_mt,2017-09-01,https://www.jodidata.org/_resources/files/downloads/oil-data/annual-csv/primary/2017.csv,2026-10-08T10:37:58.596973+00:00,,million_tonnes,;supply_derived_excluded_from_model;historical_publication_date_unknown
CN,2017-09,CRUDEOIL,STOCKCH,KTONS,-638.0000,1,-0.638,stock_change_mt,2017-09-01,https://www.jodidata.org/_resources/files/downloads/oil-data/annual-csv/primary/2017.csv,2026-10-08T10:37:58.596973+00:00,,million_tonnes,;historical_publication_date_unknown
CN,2017-09,CRUDEOIL,TOTEXPSB,KTONS,450.0000,1,0.45,exports_mt,2017-09-01,https://www.jodidata.org/_resources/files/downloads/oil-data/annual-csv/primary/2017.csv,2026-10-08T10:37:58.596973+00:00,,million_tonnes,;historical_publication_date_unknown
CN,2017-09,CRUDEOIL,TOTIMPSB,KTONS,37010.0000,1,37.01,imports_mt,2017-09-01,https://www.jodidata.org/_resources/files/downloads/oil-data/annual-csv/primary/2017.csv,2026-10-08T10:37:58.596973+00:00,,million_tonnes,;historical_publication_date_unknown
CN,2017-10,CRUDEOIL,CLOSTLV,KTONS,-,3,,closing_stocks_mt,2017-10-01,https://www.jodidata.org/_resources/files/downloads/oil-data/annual-csv/primary/2017.csv,2026-10-08T10:37:58.596973+00:00,,million_tonnes,;not_assessed;historical_publication_date_unknown
CN,2017-10,CRUDEOIL,INDPROD,KTONS,16006.0000,2,16.006,production_mt,2017-10-01,https://www.jodidata.org/_resources/files/downloads/oil-data/annual-csv/primary/2017.csv,2026-10-08T10:37:58.596973+00:00,,million_tonnes,;historical_publication_date_unknown
CN,2017-10,CRUDEOIL,REFINOBS,KTONS,46909.0000,1,46.909,calculated_intake_mt,2017-10-01,https://www.jodidata.org/_resources/files/downloads/oil-data/annual-csv/primary/2017.csv,2026-10-08T10:37:58.596973+00:00,,million_tonnes,;supply_derived_excluded_from_model;historical_publication_date_unknown
CN,2017-10,CRUDEOIL,STOCKCH,KTONS,-143.0000,1,-0.143,stock_change_mt,2017-10-01,https://www.jodidata.org/_resources/files/downloads/oil-data/annual-csv/primary/2017.csv,2026-10-08T10:37:58.596973+00:00,,million_tonnes,;historical_publication_date_unknown
CN,2017-10,CRUDEOIL,TOTEXPSB,KTONS,270.0000,1,0.27,exports_mt,2017-10-01,https://www.jodidata.org/_resources/files/downloads/oil-data/annual-csv/primary/2017.csv,2026-10-08T10:37:58.596973+00:00,,million_tonnes,;historical_publication_date_unknown
CN,2017-10,CRUDEOIL,TOTIMPSB,KTONS,31030.0000,1,31.03,imports_mt,2017-10-01,https://www.jodidata.org/_resources/files/downloads/oil-data/annual-csv/primary/2017.csv,2026-10-08T10:37:58.596973+00:00,,million_tonnes,;historical_publication_date_unknown
CN,2017-11,CRUDEOIL,CLOSTLV,KTONS,-,3,,closing_stocks_mt,2017-11-01,https://www.jodidata.org/_resources/files/downloads/oil-data/annual-csv/primary/2017.csv,2026-10-08T10:37:58.596973+00:00,,million_tonnes,;not_assessed;historical_publication_date_unknown
CN,2017-11,CRUDEOIL,INDPROD,KTONS,15699.0000,2,15.699,production_mt,2017-11-01,https://www.jodidata.org/_resources/files/downloads/oil-data/annual-csv/primary/2017.csv,2026-10-08T10:37:58.596973+00:00,,million_tonnes,;historical_publication_date_unknown
CN,2017-11,CRUDEOIL,REFINOBS,KTONS,53756.0000,1,53.756,calculated_intake_mt,2017-11-01,https://www.jodidata.org/_resources/files/downloads/oil-data/annual-csv/primary/2017.csv,2026-10-08T10:37:58.596973+00:00,,million_tonnes,;supply_derived_excluded_from_model;historical_publication_date_unknown
CN,2017-11,CRUDEOIL,STOCKCH,KTONS,-1867.0000,1,-1.867,stock_change_mt,2017-11-01,https://www.jodidata.org/_resources/files/downloads/oil-data/annual-csv/primary/2017.csv,2026-10-08T10:37:58.596973+00:00,,million_tonnes,;historical_publication_date_unknown
CN,2017-11,CRUDEOIL,TOTEXPSB,KTONS,850.0000,1,0.85,exports_mt,2017-11-01,https://www.jodidata.org/_resources/files/downloads/oil-data/annual-csv/primary/2017.csv,2026-10-08T10:37:58.596973+00:00,,million_tonnes,;historical_publication_date_unknown
CN,2017-11,CRUDEOIL,TOTIMPSB,KTONS,37040.0000,1,37.04,imports_mt,2017-11-01,https://www.jodidata.org/_resources/files/downloads/oil-data/annual-csv/primary/2017.csv,2026-10-08T10:37:58.596973+00:00,,million_tonnes,;historical_publication_date_unknown
CN,2017-12,CRUDEOIL,CLOSTLV,KTONS,-,3,,closing_stocks_mt,2017-12-01,https://www.jodidata.org/_resources/files/downloads/oil-data/annual-csv/primary/2017.csv,2026-10-08T10:37:58.596973+00:00,,million_tonnes,;not_assessed;historical_publication_date_unknown
CN,2017-12,CRUDEOIL,INDPROD,KTONS,15984.0000,2,15.984,production_mt,2017-12-01,https://www.jodidata.org/_resources/files/downloads/oil-data/annual-csv/primary/2017.csv,2026-10-08T10:37:58.596973+00:00,,million_tonnes,;historical_publication_date_unknown
CN,2017-12,CRUDEOIL,REFINOBS,KTONS,48140.0000,1,48.14,calculated_intake_mt,2017-12-01,https://www.jodidata.org/_resources/files/downloads/oil-data/annual-csv/primary/2017.csv,2026-10-08T10:37:58.596973+00:00,,million_tonnes,;supply_derived_excluded_from_model;historical_publication_date_unknown
CN,2017-12,CRUDEOIL,STOCKCH,KTONS,1384.0000,1,1.384,stock_change_mt,2017-12-01,https://www.jodidata.org/_resources/files/downloads/oil-data/annual-csv/primary/2017.csv,2026-10-08T10:37:58.596973+00:00,,million_tonnes,;historical_publication_date_unknown
CN,2017-12,CRUDEOIL,TOTEXPSB,KTONS,160.0000,1,0.16,exports_mt,2017-12-01,https://www.jodidata.org/_resources/files/downloads/oil-data/annual-csv/primary/2017.csv,2026-10-08T10:37:58.596973+00:00,,million_tonnes,;historical_publication_date_unknown
CN,2017-12,CRUDEOIL,TOTIMPSB,KTONS,33700.0000,1,33.7,imports_mt,2017-12-01,https://www.jodidata.org/_resources/files/downloads/oil-data/annual-csv/primary/2017.csv,2026-10-08T10:37:58.596973+00:00,,million_tonnes,;historical_publication_date_unknown
CN,2018-01,CRUDEOIL,CLOSTLV,KTONS,-,3,,closing_stocks_mt,2018-01-01,https://www.jodidata.org/_resources/files/downloads/oil-data/annual-csv/primary/2018.csv,2026-10-08T10:38:01.878655+00:00,,million_tonnes,jan_feb_calendar_disaggregated;not_assessed;historical_publication_date_unknown
CN,2018-01,CRUDEOIL,INDPROD,KTONS,15960.0000,1,15.96,production_mt,2018-01-01,https://www.jodidata.org/_resources/files/downloads/oil-data/annual-csv/primary/2018.csv,2026-10-08T10:38:01.878655+00:00,,million_tonnes,jan_feb_calendar_disaggregated;historical_publication_date_unknown
CN,2018-01,CRUDEOIL,REFINOBS,KTONS,54170.0000,1,54.17,calculated_intake_mt,2018-01-01,https://www.jodidata.org/_resources/files/downloads/oil-data/annual-csv/primary/2018.csv,2026-10-08T10:38:01.878655+00:00,,million_tonnes,jan_feb_calendar_disaggregated;supply_derived_excluded_from_model;historical_publication_date_unknown
CN,2018-01,CRUDEOIL,STOCKCH,KTONS,-133.0000,1,-0.133,stock_change_mt,2018-01-01,https://www.jodidata.org/_resources/files/downloads/oil-data/annual-csv/primary/2018.csv,2026-10-08T10:38:01.878655+00:00,,million_tonnes,jan_feb_calendar_disaggregated;historical_publication_date_unknown
CN,2018-01,CRUDEOIL,TOTEXPSB,KTONS,226.0000,2,0.226,exports_mt,2018-01-01,https://www.jodidata.org/_resources/files/downloads/oil-data/annual-csv/primary/2018.csv,2026-10-08T10:38:01.878655+00:00,,million_tonnes,jan_feb_calendar_disaggregated;historical_publication_date_unknown
CN,2018-01,CRUDEOIL,TOTIMPSB,KTONS,38303.0000,1,38.303,imports_mt,2018-01-01,https://www.jodidata.org/_resources/files/downloads/oil-data/annual-csv/primary/2018.csv,2026-10-08T10:38:01.878655+00:00,,million_tonnes,jan_feb_calendar_disaggregated;historical_publication_date_unknown
CN,2018-02,CRUDEOIL,CLOSTLV,KTONS,-,3,,closing_stocks_mt,2018-02-01,https://www.jodidata.org/_resources/files/downloads/oil-data/annual-csv/primary/2018.csv,2026-10-08T10:38:01.878655+00:00,,million_tonnes,jan_feb_calendar_disaggregated;not_assessed;historical_publication_date_unknown
CN,2018-02,CRUDEOIL,INDPROD,KTONS,14415.0000,2,14.415,production_mt,2018-02-01,https://www.jodidata.org/_resources/files/downloads/oil-data/annual-csv/primary/2018.csv,2026-10-08T10:38:01.878655+00:00,,million_tonnes,jan_feb_calendar_disaggregated;historical_publication_date_unknown
CN,2018-02,CRUDEOIL,REFINOBS,KTONS,48928.0000,1,48.928,calculated_intake_mt,2018-02-01,https://www.jodidata.org/_resources/files/downloads/oil-data/annual-csv/primary/2018.csv,2026-10-08T10:38:01.878655+00:00,,million_tonnes,jan_feb_calendar_disaggregated;supply_derived_excluded_from_model;historical_publication_date_unknown
CN,2018-02,CRUDEOIL,STOCKCH,KTONS,-120.0000,1,-0.12,stock_change_mt,2018-02-01,https://www.jodidata.org/_resources/files/downloads/oil-data/annual-csv/primary/2018.csv,2026-10-08T10:38:01.878655+00:00,,million_tonnes,jan_feb_calendar_disaggregated;historical_publication_date_unknown
CN,2018-02,CRUDEOIL,TOTEXPSB,KTONS,204.0000,2,0.204,exports_mt,2018-02-01,https://www.jodidata.org/_resources/files/downloads/oil-data/annual-csv/primary/2018.csv,2026-10-08T10:38:01.878655+00:00,,million_tonnes,jan_feb_calendar_disaggregated;historical_publication_date_unknown
CN,2018-02,CRUDEOIL,TOTIMPSB,KTONS,34597.0000,1,34.597,imports_mt,2018-02-01,https://www.jodidata.org/_resources/files/downloads/oil-data/annual-csv/primary/2018.csv,2026-10-08T10:38:01.878655+00:00,,million_tonnes,jan_feb_calendar_disaggregated;historical_publication_date_unknown
CN,2018-03,CRUDEOIL,CLOSTLV,KTONS,-,3,,closing_stocks_mt,2018-03-01,https://www.jodidata.org/_resources/files/downloads/oil-data/annual-csv/primary/2018.csv,2026-10-08T10:38:01.878655+00:00,,million_tonnes,;not_assessed;historical_publication_date_unknown
CN,2018-03,CRUDEOIL,INDPROD,KTONS,15956.0000,2,15.956,production_mt,2018-03-01,https://www.jodidata.org/_resources/files/downloads/oil-data/annual-csv/primary/2018.csv,2026-10-08T10:38:01.878655+00:00,,million_tonnes,;historical_publication_date_unknown
CN,2018-03,CRUDEOIL,REFINOBS,KTONS,54955.0000,1,54.955,calculated_intake_mt,2018-03-01,https://www.jodidata.org/_resources/files/downloads/oil-data/annual-csv/primary/2018.csv,2026-10-08T10:38:01.878655+00:00,,million_tonnes,;supply_derived_excluded_from_model;historical_publication_date_unknown
CN,2018-03,CRUDEOIL,STOCKCH,KTONS,-329.0000,1,-0.329,stock_change_mt,2018-03-01,https://www.jodidata.org/_resources/files/downloads/oil-data/annual-csv/primary/2018.csv,2026-10-08T10:38:01.878655+00:00,,million_tonnes,;historical_publication_date_unknown
CN,2018-03,CRUDEOIL,TOTEXPSB,KTONS,500.0000,1,0.5,exports_mt,2018-03-01,https://www.jodidata.org/_resources/files/downloads/oil-data/annual-csv/primary/2018.csv,2026-10-08T10:38:01.878655+00:00,,million_tonnes,;historical_publication_date_unknown
CN,2018-03,CRUDEOIL,TOTIMPSB,KTONS,39170.0000,1,39.17,imports_mt,2018-03-01,https://www.jodidata.org/_resources/files/downloads/oil-data/annual-csv/primary/2018.csv,2026-10-08T10:38:01.878655+00:00,,million_tonnes,;historical_publication_date_unknown
CN,2018-04,CRUDEOIL,CLOSTLV,KTONS,-,3,,closing_stocks_mt,2018-04-01,https://www.jodidata.org/_resources/files/downloads/oil-data/annual-csv/primary/2018.csv,2026-10-08T10:38:01.878655+00:00,,million_tonnes,;not_assessed;historical_publication_date_unknown
CN,2018-04,CRUDEOIL,INDPROD,KTONS,15510.0000,2,15.51,production_mt,2018-04-01,https://www.jodidata.org/_resources/files/downloads/oil-data/annual-csv/primary/2018.csv,2026-10-08T10:38:01.878655+00:00,,million_tonnes,;historical_publication_date_unknown
CN,2018-04,CRUDEOIL,REFINOBS,KTONS,55224.0000,1,55.224,calculated_intake_mt,2018-04-01,https://www.jodidata.org/_resources/files/downloads/oil-data/annual-csv/primary/2018.csv,2026-10-08T10:38:01.878655+00:00,,million_tonnes,;supply_derived_excluded_from_model;historical_publication_date_unknown
CN,2018-04,CRUDEOIL,STOCKCH,KTONS,-484.0000,1,-0.484,stock_change_mt,2018-04-01,https://www.jodidata.org/_resources/files/downloads/oil-data/annual-csv/primary/2018.csv,2026-10-08T10:38:01.878655+00:00,,million_tonnes,;historical_publication_date_unknown
CN,2018-04,CRUDEOIL,TOTEXPSB,KTONS,230.0000,1,0.23,exports_mt,2018-04-01,https://www.jodidata.org/_resources/files/downloads/oil-data/annual-csv/primary/2018.csv,2026-10-08T10:38:01.878655+00:00,,million_tonnes,;historical_publication_date_unknown
CN,2018-04,CRUDEOIL,TOTIMPSB,KTONS,39460.0000,1,39.46,imports_mt,2018-04-01,https://www.jodidata.org/_resources/files/downloads/oil-data/annual-csv/primary/2018.csv,2026-10-08T10:38:01.878655+00:00,,million_tonnes,;historical_publication_date_unknown
CN,2018-05,CRUDEOIL,CLOSTLV,KTONS,-,3,,closing_stocks_mt,2018-05-01,https://www.jodidata.org/_resources/files/downloads/oil-data/annual-csv/primary/2018.csv,2026-10-08T10:38:01.878655+00:00,,million_tonnes,;not_assessed;historical_publication_date_unknown
CN,2018-05,CRUDEOIL,INDPROD,KTONS,15973.0000,2,15.973,production_mt,2018-05-01,https://www.jodidata.org/_resources/files/downloads/oil-data/annual-csv/primary/2018.csv,2026-10-08T10:38:01.878655+00:00,,million_tonnes,;historical_publication_date_unknown
CN,2018-05,CRUDEOIL,REFINOBS,KTONS,54056.0000,1,54.056,calculated_intake_mt,2018-05-01,https://www.jodidata.org/_resources/files/downloads/oil-data/annual-csv/primary/2018.csv,2026-10-08T10:38:01.878655+00:00,,million_tonnes,;supply_derived_excluded_from_model;historical_publication_date_unknown
CN,2018-05,CRUDEOIL,STOCKCH,KTONS,767.0000,1,0.767,stock_change_mt,2018-05-01,https://www.jodidata.org/_resources/files/downloads/oil-data/annual-csv/primary/2018.csv,2026-10-08T10:38:01.878655+00:00,,million_tonnes,;historical_publication_date_unknown
CN,2018-05,CRUDEOIL,TOTEXPSB,KTONS,200.0000,1,0.2,exports_mt,2018-05-01,https://www.jodidata.org/_resources/files/downloads/oil-data/annual-csv/primary/2018.csv,2026-10-08T10:38:01.878655+00:00,,million_tonnes,;historical_publication_date_unknown
CN,2018-05,CRUDEOIL,TOTIMPSB,KTONS,39050.0000,1,39.05,imports_mt,2018-05-01,https://www.jodidata.org/_resources/files/downloads/oil-data/annual-csv/primary/2018.csv,2026-10-08T10:38:01.878655+00:00,,million_tonnes,;historical_publication_date_unknown
CN,2018-06,CRUDEOIL,CLOSTLV,KTONS,-,3,,closing_stocks_mt,2018-06-01,https://www.jodidata.org/_resources/files/downloads/oil-data/annual-csv/primary/2018.csv,2026-10-08T10:38:01.878655+00:00,,million_tonnes,;not_assessed;historical_publication_date_unknown
CN,2018-06,CRUDEOIL,INDPROD,KTONS,15846.0000,2,15.846,production_mt,2018-06-01,https://www.jodidata.org/_resources/files/downloads/oil-data/annual-csv/primary/2018.csv,2026-10-08T10:38:01.878655+00:00,,million_tonnes,;historical_publication_date_unknown
CN,2018-06,CRUDEOIL,REFINOBS,KTONS,49113.0000,1,49.113,calculated_intake_mt,2018-06-01,https://www.jodidata.org/_resources/files/downloads/oil-data/annual-csv/primary/2018.csv,2026-10-08T10:38:01.878655+00:00,,million_tonnes,;supply_derived_excluded_from_model;historical_publication_date_unknown
CN,2018-06,CRUDEOIL,STOCKCH,KTONS,873.0000,1,0.873,stock_change_mt,2018-06-01,https://www.jodidata.org/_resources/files/downloads/oil-data/annual-csv/primary/2018.csv,2026-10-08T10:38:01.878655+00:00,,million_tonnes,;historical_publication_date_unknown
CN,2018-06,CRUDEOIL,TOTEXPSB,KTONS,210.0000,1,0.21,exports_mt,2018-06-01,https://www.jodidata.org/_resources/files/downloads/oil-data/annual-csv/primary/2018.csv,2026-10-08T10:38:01.878655+00:00,,million_tonnes,;historical_publication_date_unknown
CN,2018-06,CRUDEOIL,TOTIMPSB,KTONS,34350.0000,1,34.35,imports_mt,2018-06-01,https://www.jodidata.org/_resources/files/downloads/oil-data/annual-csv/primary/2018.csv,2026-10-08T10:38:01.878655+00:00,,million_tonnes,;historical_publication_date_unknown
CN,2018-07,CRUDEOIL,CLOSTLV,KTONS,-,3,,closing_stocks_mt,2018-07-01,https://www.jodidata.org/_resources/files/downloads/oil-data/annual-csv/primary/2018.csv,2026-10-08T10:38:01.878655+00:00,,million_tonnes,;not_assessed;historical_publication_date_unknown
CN,2018-07,CRUDEOIL,INDPROD,KTONS,15855.0000,2,15.855,production_mt,2018-07-01,https://www.jodidata.org/_resources/files/downloads/oil-data/annual-csv/primary/2018.csv,2026-10-08T10:38:01.878655+00:00,,million_tonnes,;historical_publication_date_unknown
CN,2018-07,CRUDEOIL,REFINOBS,KTONS,51359.0000,1,51.359,calculated_intake_mt,2018-07-01,https://www.jodidata.org/_resources/files/downloads/oil-data/annual-csv/primary/2018.csv,2026-10-08T10:38:01.878655+00:00,,million_tonnes,;supply_derived_excluded_from_model;historical_publication_date_unknown
CN,2018-07,CRUDEOIL,STOCKCH,KTONS,366.0000,1,0.366,stock_change_mt,2018-07-01,https://www.jodidata.org/_resources/files/downloads/oil-data/annual-csv/primary/2018.csv,2026-10-08T10:38:01.878655+00:00,,million_tonnes,;historical_publication_date_unknown
CN,2018-07,CRUDEOIL,TOTEXPSB,KTONS,150.0000,1,0.15,exports_mt,2018-07-01,https://www.jodidata.org/_resources/files/downloads/oil-data/annual-csv/primary/2018.csv,2026-10-08T10:38:01.878655+00:00,,million_tonnes,;historical_publication_date_unknown
CN,2018-07,CRUDEOIL,TOTIMPSB,KTONS,36020.0000,1,36.02,imports_mt,2018-07-01,https://www.jodidata.org/_resources/files/downloads/oil-data/annual-csv/primary/2018.csv,2026-10-08T10:38:01.878655+00:00,,million_tonnes,;historical_publication_date_unknown
CN,2018-08,CRUDEOIL,CLOSTLV,KTONS,-,3,,closing_stocks_mt,2018-08-01,https://www.jodidata.org/_resources/files/downloads/oil-data/annual-csv/primary/2018.csv,2026-10-08T10:38:01.878655+00:00,,million_tonnes,;not_assessed;historical_publication_date_unknown
CN,2018-08,CRUDEOIL,INDPROD,KTONS,15997.0000,2,15.997,production_mt,2018-08-01,https://www.jodidata.org/_resources/files/downloads/oil-data/annual-csv/primary/2018.csv,2026-10-08T10:38:01.878655+00:00,,million_tonnes,;historical_publication_date_unknown
CN,2018-08,CRUDEOIL,REFINOBS,KTONS,53670.0000,1,53.67,calculated_intake_mt,2018-08-01,https://www.jodidata.org/_resources/files/downloads/oil-data/annual-csv/primary/2018.csv,2026-10-08T10:38:01.878655+00:00,,million_tonnes,;supply_derived_excluded_from_model;historical_publication_date_unknown
CN,2018-08,CRUDEOIL,STOCKCH,KTONS,517.0000,1,0.517,stock_change_mt,2018-08-01,https://www.jodidata.org/_resources/files/downloads/oil-data/annual-csv/primary/2018.csv,2026-10-08T10:38:01.878655+00:00,,million_tonnes,;historical_publication_date_unknown
CN,2018-08,CRUDEOIL,TOTEXPSB,KTONS,190.0000,1,0.19,exports_mt,2018-08-01,https://www.jodidata.org/_resources/files/downloads/oil-data/annual-csv/primary/2018.csv,2026-10-08T10:38:01.878655+00:00,,million_tonnes,;historical_publication_date_unknown
CN,2018-08,CRUDEOIL,TOTIMPSB,KTONS,38380.0000,1,38.38,imports_mt,2018-08-01,https://www.jodidata.org/_resources/files/downloads/oil-data/annual-csv/primary/2018.csv,2026-10-08T10:38:01.878655+00:00,,million_tonnes,;historical_publication_date_unknown
CN,2018-09,CRUDEOIL,CLOSTLV,KTONS,-,3,,closing_stocks_mt,2018-09-01,https://www.jodidata.org/_resources/files/downloads/oil-data/annual-csv/primary/2018.csv,2026-10-08T10:38:01.878655+00:00,,million_tonnes,;not_assessed;historical_publication_date_unknown
CN,2018-09,CRUDEOIL,INDPROD,KTONS,15176.0000,2,15.176,production_mt,2018-09-01,https://www.jodidata.org/_resources/files/downloads/oil-data/annual-csv/primary/2018.csv,2026-10-08T10:38:01.878655+00:00,,million_tonnes,;historical_publication_date_unknown
CN,2018-09,CRUDEOIL,REFINOBS,KTONS,52296.0000,1,52.296,calculated_intake_mt,2018-09-01,https://www.jodidata.org/_resources/files/downloads/oil-data/annual-csv/primary/2018.csv,2026-10-08T10:38:01.878655+00:00,,million_tonnes,;supply_derived_excluded_from_model;historical_publication_date_unknown
CN,2018-09,CRUDEOIL,STOCKCH,KTONS,-200.0000,1,-0.2,stock_change_mt,2018-09-01,https://www.jodidata.org/_resources/files/downloads/oil-data/annual-csv/primary/2018.csv,2026-10-08T10:38:01.878655+00:00,,million_tonnes,;historical_publication_date_unknown
CN,2018-09,CRUDEOIL,TOTEXPSB,KTONS,290.0000,1,0.29,exports_mt,2018-09-01,https://www.jodidata.org/_resources/files/downloads/oil-data/annual-csv/primary/2018.csv,2026-10-08T10:38:01.878655+00:00,,million_tonnes,;historical_publication_date_unknown
CN,2018-09,CRUDEOIL,TOTIMPSB,KTONS,37210.0000,1,37.21,imports_mt,2018-09-01,https://www.jodidata.org/_resources/files/downloads/oil-data/annual-csv/primary/2018.csv,2026-10-08T10:38:01.878655+00:00,,million_tonnes,;historical_publication_date_unknown
CN,2018-10,CRUDEOIL,CLOSTLV,KTONS,-,3,,closing_stocks_mt,2018-10-01,https://www.jodidata.org/_resources/files/downloads/oil-data/annual-csv/primary/2018.csv,2026-10-08T10:38:01.878655+00:00,,million_tonnes,;not_assessed;historical_publication_date_unknown
CN,2018-10,CRUDEOIL,INDPROD,KTONS,16089.0000,2,16.089,production_mt,2018-10-01,https://www.jodidata.org/_resources/files/downloads/oil-data/annual-csv/primary/2018.csv,2026-10-08T10:38:01.878655+00:00,,million_tonnes,;historical_publication_date_unknown
CN,2018-10,CRUDEOIL,REFINOBS,KTONS,54989.0000,1,54.989,calculated_intake_mt,2018-10-01,https://www.jodidata.org/_resources/files/downloads/oil-data/annual-csv/primary/2018.csv,2026-10-08T10:38:01.878655+00:00,,million_tonnes,;supply_derived_excluded_from_model;historical_publication_date_unknown
CN,2018-10,CRUDEOIL,STOCKCH,KTONS,-160.0000,1,-0.16,stock_change_mt,2018-10-01,https://www.jodidata.org/_resources/files/downloads/oil-data/annual-csv/primary/2018.csv,2026-10-08T10:38:01.878655+00:00,,million_tonnes,;historical_publication_date_unknown
CN,2018-10,CRUDEOIL,TOTEXPSB,KTONS,140.0000,1,0.14,exports_mt,2018-10-01,https://www.jodidata.org/_resources/files/downloads/oil-data/annual-csv/primary/2018.csv,2026-10-08T10:38:01.878655+00:00,,million_tonnes,;historical_publication_date_unknown
CN,2018-10,CRUDEOIL,TOTIMPSB,KTONS,38880.0000,1,38.88,imports_mt,2018-10-01,https://www.jodidata.org/_resources/files/downloads/oil-data/annual-csv/primary/2018.csv,2026-10-08T10:38:01.878655+00:00,,million_tonnes,;historical_publication_date_unknown
CN,2018-11,CRUDEOIL,CLOSTLV,KTONS,-,3,,closing_stocks_mt,2018-11-01,https://www.jodidata.org/_resources/files/downloads/oil-data/annual-csv/primary/2018.csv,2026-10-08T10:38:01.878655+00:00,,million_tonnes,;not_assessed;historical_publication_date_unknown
CN,2018-11,CRUDEOIL,INDPROD,KTONS,15534.0000,2,15.534,production_mt,2018-11-01,https://www.jodidata.org/_resources/files/downloads/oil-data/annual-csv/primary/2018.csv,2026-10-08T10:38:01.878655+00:00,,million_tonnes,;historical_publication_date_unknown
CN,2018-11,CRUDEOIL,REFINOBS,KTONS,58255.0000,1,58.255,calculated_intake_mt,2018-11-01,https://www.jodidata.org/_resources/files/downloads/oil-data/annual-csv/primary/2018.csv,2026-10-08T10:38:01.878655+00:00,,million_tonnes,;supply_derived_excluded_from_model;historical_publication_date_unknown
CN,2018-11,CRUDEOIL,STOCKCH,KTONS,-111.0000,1,-0.111,stock_change_mt,2018-11-01,https://www.jodidata.org/_resources/files/downloads/oil-data/annual-csv/primary/2018.csv,2026-10-08T10:38:01.878655+00:00,,million_tonnes,;historical_publication_date_unknown
CN,2018-11,CRUDEOIL,TOTEXPSB,KTONS,260.0000,1,0.26,exports_mt,2018-11-01,https://www.jodidata.org/_resources/files/downloads/oil-data/annual-csv/primary/2018.csv,2026-10-08T10:38:01.878655+00:00,,million_tonnes,;historical_publication_date_unknown
CN,2018-11,CRUDEOIL,TOTIMPSB,KTONS,42870.0000,1,42.87,imports_mt,2018-11-01,https://www.jodidata.org/_resources/files/downloads/oil-data/annual-csv/primary/2018.csv,2026-10-08T10:38:01.878655+00:00,,million_tonnes,;historical_publication_date_unknown
CN,2018-12,CRUDEOIL,CLOSTLV,KTONS,-,3,,closing_stocks_mt,2018-12-01,https://www.jodidata.org/_resources/files/downloads/oil-data/annual-csv/primary/2018.csv,2026-10-08T10:38:01.878655+00:00,,million_tonnes,;not_assessed;historical_publication_date_unknown
CN,2018-12,CRUDEOIL,INDPROD,KTONS,16333.0000,3,16.333,production_mt,2018-12-01,https://www.jodidata.org/_resources/files/downloads/oil-data/annual-csv/primary/2018.csv,2026-10-08T10:38:01.878655+00:00,,million_tonnes,;not_assessed;historical_publication_date_unknown
CN,2018-12,CRUDEOIL,REFINOBS,KTONS,60831.0000,1,60.831,calculated_intake_mt,2018-12-01,https://www.jodidata.org/_resources/files/downloads/oil-data/annual-csv/primary/2018.csv,2026-10-08T10:38:01.878655+00:00,,million_tonnes,;supply_derived_excluded_from_model;historical_publication_date_unknown
CN,2018-12,CRUDEOIL,STOCKCH,KTONS,-748.0000,1,-0.748,stock_change_mt,2018-12-01,https://www.jodidata.org/_resources/files/downloads/oil-data/annual-csv/primary/2018.csv,2026-10-08T10:38:01.878655+00:00,,million_tonnes,;historical_publication_date_unknown
CN,2018-12,CRUDEOIL,TOTEXPSB,KTONS,30.0000,1,0.03,exports_mt,2018-12-01,https://www.jodidata.org/_resources/files/downloads/oil-data/annual-csv/primary/2018.csv,2026-10-08T10:38:01.878655+00:00,,million_tonnes,;historical_publication_date_unknown
CN,2018-12,CRUDEOIL,TOTIMPSB,KTONS,43780.0000,1,43.78,imports_mt,2018-12-01,https://www.jodidata.org/_resources/files/downloads/oil-data/annual-csv/primary/2018.csv,2026-10-08T10:38:01.878655+00:00,,million_tonnes,;historical_publication_date_unknown
CN,2019-01,CRUDEOIL,CLOSTLV,KTONS,-,3,,closing_stocks_mt,2019-01-01,https://www.jodidata.org/_resources/files/downloads/oil-data/annual-csv/primary/2019.csv,2026-10-08T10:38:05.185090+00:00,,million_tonnes,jan_feb_calendar_disaggregated;not_assessed;historical_publication_date_unknown
CN,2019-01,CRUDEOIL,INDPROD,KTONS,16249.0000,1,16.249,production_mt,2019-01-01,https://www.jodidata.org/_resources/files/downloads/oil-data/annual-csv/primary/2019.csv,2026-10-08T10:38:05.185090+00:00,,million_tonnes,jan_feb_calendar_disaggregated;historical_publication_date_unknown
CN,2019-01,CRUDEOIL,REFINOBS,KTONS,58782.0000,1,58.782,calculated_intake_mt,2019-01-01,https://www.jodidata.org/_resources/files/downloads/oil-data/annual-csv/primary/2019.csv,2026-10-08T10:38:05.185090+00:00,,million_tonnes,jan_feb_calendar_disaggregated;supply_derived_excluded_from_model;historical_publication_date_unknown
CN,2019-01,CRUDEOIL,STOCKCH,KTONS,783.0000,1,0.783,stock_change_mt,2019-01-01,https://www.jodidata.org/_resources/files/downloads/oil-data/annual-csv/primary/2019.csv,2026-10-08T10:38:05.185090+00:00,,million_tonnes,jan_feb_calendar_disaggregated;historical_publication_date_unknown
CN,2019-01,CRUDEOIL,TOTEXPSB,KTONS,0.0000,1,0.0,exports_mt,2019-01-01,https://www.jodidata.org/_resources/files/downloads/oil-data/annual-csv/primary/2019.csv,2026-10-08T10:38:05.185090+00:00,,million_tonnes,jan_feb_calendar_disaggregated;historical_publication_date_unknown
CN,2019-01,CRUDEOIL,TOTIMPSB,KTONS,43316.0000,1,43.316,imports_mt,2019-01-01,https://www.jodidata.org/_resources/files/downloads/oil-data/annual-csv/primary/2019.csv,2026-10-08T10:38:05.185090+00:00,,million_tonnes,jan_feb_calendar_disaggregated;historical_publication_date_unknown
CN,2019-02,CRUDEOIL,CLOSTLV,KTONS,-,3,,closing_stocks_mt,2019-02-01,https://www.jodidata.org/_resources/files/downloads/oil-data/annual-csv/primary/2019.csv,2026-10-08T10:38:05.185090+00:00,,million_tonnes,jan_feb_calendar_disaggregated;not_assessed;historical_publication_date_unknown
CN,2019-02,CRUDEOIL,INDPROD,KTONS,14443.0000,1,14.443,production_mt,2019-02-01,https://www.jodidata.org/_resources/files/downloads/oil-data/annual-csv/primary/2019.csv,2026-10-08T10:38:05.185090+00:00,,million_tonnes,jan_feb_calendar_disaggregated;historical_publication_date_unknown
CN,2019-02,CRUDEOIL,REFINOBS,KTONS,52251.0000,1,52.251,calculated_intake_mt,2019-02-01,https://www.jodidata.org/_resources/files/downloads/oil-data/annual-csv/primary/2019.csv,2026-10-08T10:38:05.185090+00:00,,million_tonnes,jan_feb_calendar_disaggregated;supply_derived_excluded_from_model;historical_publication_date_unknown
CN,2019-02,CRUDEOIL,STOCKCH,KTONS,696.0000,1,0.696,stock_change_mt,2019-02-01,https://www.jodidata.org/_resources/files/downloads/oil-data/annual-csv/primary/2019.csv,2026-10-08T10:38:05.185090+00:00,,million_tonnes,jan_feb_calendar_disaggregated;historical_publication_date_unknown
CN,2019-02,CRUDEOIL,TOTEXPSB,KTONS,-,3,,exports_mt,2019-02-01,https://www.jodidata.org/_resources/files/downloads/oil-data/annual-csv/primary/2019.csv,2026-10-08T10:38:05.185090+00:00,,million_tonnes,jan_feb_calendar_disaggregated;not_assessed;historical_publication_date_unknown
CN,2019-02,CRUDEOIL,TOTIMPSB,KTONS,38504.0000,1,38.504,imports_mt,2019-02-01,https://www.jodidata.org/_resources/files/downloads/oil-data/annual-csv/primary/2019.csv,2026-10-08T10:38:05.185090+00:00,,million_tonnes,jan_feb_calendar_disaggregated;historical_publication_date_unknown
CN,2019-03,CRUDEOIL,CLOSTLV,KTONS,-,3,,closing_stocks_mt,2019-03-01,https://www.jodidata.org/_resources/files/downloads/oil-data/annual-csv/primary/2019.csv,2026-10-08T10:38:05.185090+00:00,,million_tonnes,;not_assessed;historical_publication_date_unknown
CN,2019-03,CRUDEOIL,INDPROD,KTONS,16542.0000,1,16.542,production_mt,2019-03-01,https://www.jodidata.org/_resources/files/downloads/oil-data/annual-csv/primary/2019.csv,2026-10-08T10:38:05.185090+00:00,,million_tonnes,;historical_publication_date_unknown
CN,2019-03,CRUDEOIL,REFINOBS,KTONS,54434.0000,1,54.434,calculated_intake_mt,2019-03-01,https://www.jodidata.org/_resources/files/downloads/oil-data/annual-csv/primary/2019.csv,2026-10-08T10:38:05.185090+00:00,,million_tonnes,;supply_derived_excluded_from_model;historical_publication_date_unknown
CN,2019-03,CRUDEOIL,STOCKCH,KTONS,1128.0000,1,1.128,stock_change_mt,2019-03-01,https://www.jodidata.org/_resources/files/downloads/oil-data/annual-csv/primary/2019.csv,2026-10-08T10:38:05.185090+00:00,,million_tonnes,;historical_publication_date_unknown
CN,2019-03,CRUDEOIL,TOTEXPSB,KTONS,320.0000,1,0.32,exports_mt,2019-03-01,https://www.jodidata.org/_resources/files/downloads/oil-data/annual-csv/primary/2019.csv,2026-10-08T10:38:05.185090+00:00,,million_tonnes,;historical_publication_date_unknown
CN,2019-03,CRUDEOIL,TOTIMPSB,KTONS,39340.0000,1,39.34,imports_mt,2019-03-01,https://www.jodidata.org/_resources/files/downloads/oil-data/annual-csv/primary/2019.csv,2026-10-08T10:38:05.185090+00:00,,million_tonnes,;historical_publication_date_unknown
CN,2019-04,CRUDEOIL,CLOSTLV,KTONS,-,3,,closing_stocks_mt,2019-04-01,https://www.jodidata.org/_resources/files/downloads/oil-data/annual-csv/primary/2019.csv,2026-10-08T10:38:05.185090+00:00,,million_tonnes,;not_assessed;historical_publication_date_unknown
CN,2019-04,CRUDEOIL,INDPROD,KTONS,15711.0000,1,15.711,production_mt,2019-04-01,https://www.jodidata.org/_resources/files/downloads/oil-data/annual-csv/primary/2019.csv,2026-10-08T10:38:05.185090+00:00,,million_tonnes,;historical_publication_date_unknown
CN,2019-04,CRUDEOIL,REFINOBS,KTONS,60061.0000,1,60.061,calculated_intake_mt,2019-04-01,https://www.jodidata.org/_resources/files/downloads/oil-data/annual-csv/primary/2019.csv,2026-10-08T10:38:05.185090+00:00,,million_tonnes,;supply_derived_excluded_from_model;historical_publication_date_unknown
CN,2019-04,CRUDEOIL,STOCKCH,KTONS,-620.0000,1,-0.62,stock_change_mt,2019-04-01,https://www.jodidata.org/_resources/files/downloads/oil-data/annual-csv/primary/2019.csv,2026-10-08T10:38:05.185090+00:00,,million_tonnes,;historical_publication_date_unknown
CN,2019-04,CRUDEOIL,TOTEXPSB,KTONS,0.0000,1,0.0,exports_mt,2019-04-01,https://www.jodidata.org/_resources/files/downloads/oil-data/annual-csv/primary/2019.csv,2026-10-08T10:38:05.185090+00:00,,million_tonnes,;historical_publication_date_unknown
CN,2019-04,CRUDEOIL,TOTIMPSB,KTONS,43730.0000,1,43.73,imports_mt,2019-04-01,https://www.jodidata.org/_resources/files/downloads/oil-data/annual-csv/primary/2019.csv,2026-10-08T10:38:05.185090+00:00,,million_tonnes,;historical_publication_date_unknown
CN,2019-05,CRUDEOIL,CLOSTLV,KTONS,-,3,,closing_stocks_mt,2019-05-01,https://www.jodidata.org/_resources/files/downloads/oil-data/annual-csv/primary/2019.csv,2026-10-08T10:38:05.185090+00:00,,million_tonnes,;not_assessed;historical_publication_date_unknown
CN,2019-05,CRUDEOIL,INDPROD,KTONS,16230.0000,1,16.23,production_mt,2019-05-01,https://www.jodidata.org/_resources/files/downloads/oil-data/annual-csv/primary/2019.csv,2026-10-08T10:38:05.185090+00:00,,million_tonnes,;historical_publication_date_unknown
CN,2019-05,CRUDEOIL,REFINOBS,KTONS,57460.0000,1,57.46,calculated_intake_mt,2019-05-01,https://www.jodidata.org/_resources/files/downloads/oil-data/annual-csv/primary/2019.csv,2026-10-08T10:38:05.185090+00:00,,million_tonnes,;supply_derived_excluded_from_model;historical_publication_date_unknown
CN,2019-05,CRUDEOIL,STOCKCH,KTONS,-1040.0000,1,-1.04,stock_change_mt,2019-05-01,https://www.jodidata.org/_resources/files/downloads/oil-data/annual-csv/primary/2019.csv,2026-10-08T10:38:05.185090+00:00,,million_tonnes,;historical_publication_date_unknown
CN,2019-05,CRUDEOIL,TOTEXPSB,KTONS,40.0000,1,0.04,exports_mt,2019-05-01,https://www.jodidata.org/_resources/files/downloads/oil-data/annual-csv/primary/2019.csv,2026-10-08T10:38:05.185090+00:00,,million_tonnes,;historical_publication_date_unknown
CN,2019-05,CRUDEOIL,TOTIMPSB,KTONS,40230.0000,1,40.23,imports_mt,2019-05-01,https://www.jodidata.org/_resources/files/downloads/oil-data/annual-csv/primary/2019.csv,2026-10-08T10:38:05.185090+00:00,,million_tonnes,;historical_publication_date_unknown
CN,2019-06,CRUDEOIL,CLOSTLV,KTONS,-,3,,closing_stocks_mt,2019-06-01,https://www.jodidata.org/_resources/files/downloads/oil-data/annual-csv/primary/2019.csv,2026-10-08T10:38:05.185090+00:00,,million_tonnes,;not_assessed;historical_publication_date_unknown
CN,2019-06,CRUDEOIL,INDPROD,KTONS,16100.0000,1,16.1,production_mt,2019-06-01,https://www.jodidata.org/_resources/files/downloads/oil-data/annual-csv/primary/2019.csv,2026-10-08T10:38:05.185090+00:00,,million_tonnes,;historical_publication_date_unknown
CN,2019-06,CRUDEOIL,REFINOBS,KTONS,55422.0000,1,55.422,calculated_intake_mt,2019-06-01,https://www.jodidata.org/_resources/files/downloads/oil-data/annual-csv/primary/2019.csv,2026-10-08T10:38:05.185090+00:00,,million_tonnes,;supply_derived_excluded_from_model;historical_publication_date_unknown
CN,2019-06,CRUDEOIL,STOCKCH,KTONS,128.0000,1,0.128,stock_change_mt,2019-06-01,https://www.jodidata.org/_resources/files/downloads/oil-data/annual-csv/primary/2019.csv,2026-10-08T10:38:05.185090+00:00,,million_tonnes,;historical_publication_date_unknown
CN,2019-06,CRUDEOIL,TOTEXPSB,KTONS,130.0000,1,0.13,exports_mt,2019-06-01,https://www.jodidata.org/_resources/files/downloads/oil-data/annual-csv/primary/2019.csv,2026-10-08T10:38:05.185090+00:00,,million_tonnes,;historical_publication_date_unknown
CN,2019-06,CRUDEOIL,TOTIMPSB,KTONS,39580.0000,1,39.58,imports_mt,2019-06-01,https://www.jodidata.org/_resources/files/downloads/oil-data/annual-csv/primary/2019.csv,2026-10-08T10:38:05.185090+00:00,,million_tonnes,;historical_publication_date_unknown
CN,2019-07,CRUDEOIL,CLOSTLV,KTONS,-,3,,closing_stocks_mt,2019-07-01,https://www.jodidata.org/_resources/files/downloads/oil-data/annual-csv/primary/2019.csv,2026-10-08T10:38:05.185090+00:00,,million_tonnes,;not_assessed;historical_publication_date_unknown
CN,2019-07,CRUDEOIL,INDPROD,KTONS,16287.0000,1,16.287,production_mt,2019-07-01,https://www.jodidata.org/_resources/files/downloads/oil-data/annual-csv/primary/2019.csv,2026-10-08T10:38:05.185090+00:00,,million_tonnes,;historical_publication_date_unknown
CN,2019-07,CRUDEOIL,REFINOBS,KTONS,56579.0000,1,56.579,calculated_intake_mt,2019-07-01,https://www.jodidata.org/_resources/files/downloads/oil-data/annual-csv/primary/2019.csv,2026-10-08T10:38:05.185090+00:00,,million_tonnes,;supply_derived_excluded_from_model;historical_publication_date_unknown
CN,2019-07,CRUDEOIL,STOCKCH,KTONS,568.0000,1,0.568,stock_change_mt,2019-07-01,https://www.jodidata.org/_resources/files/downloads/oil-data/annual-csv/primary/2019.csv,2026-10-08T10:38:05.185090+00:00,,million_tonnes,;historical_publication_date_unknown
CN,2019-07,CRUDEOIL,TOTEXPSB,KTONS,180.0000,1,0.18,exports_mt,2019-07-01,https://www.jodidata.org/_resources/files/downloads/oil-data/annual-csv/primary/2019.csv,2026-10-08T10:38:05.185090+00:00,,million_tonnes,;historical_publication_date_unknown
CN,2019-07,CRUDEOIL,TOTIMPSB,KTONS,41040.0000,1,41.04,imports_mt,2019-07-01,https://www.jodidata.org/_resources/files/downloads/oil-data/annual-csv/primary/2019.csv,2026-10-08T10:38:05.185090+00:00,,million_tonnes,;historical_publication_date_unknown
CN,2019-08,CRUDEOIL,CLOSTLV,KTONS,-,3,,closing_stocks_mt,2019-08-01,https://www.jodidata.org/_resources/files/downloads/oil-data/annual-csv/primary/2019.csv,2026-10-08T10:38:05.185090+00:00,,million_tonnes,;not_assessed;historical_publication_date_unknown
CN,2019-08,CRUDEOIL,INDPROD,KTONS,16182.0000,1,16.182,production_mt,2019-08-01,https://www.jodidata.org/_resources/files/downloads/oil-data/annual-csv/primary/2019.csv,2026-10-08T10:38:05.185090+00:00,,million_tonnes,;historical_publication_date_unknown
CN,2019-08,CRUDEOIL,REFINOBS,KTONS,58573.0000,1,58.573,calculated_intake_mt,2019-08-01,https://www.jodidata.org/_resources/files/downloads/oil-data/annual-csv/primary/2019.csv,2026-10-08T10:38:05.185090+00:00,,million_tonnes,;supply_derived_excluded_from_model;historical_publication_date_unknown
CN,2019-08,CRUDEOIL,STOCKCH,KTONS,-221.0000,1,-0.221,stock_change_mt,2019-08-01,https://www.jodidata.org/_resources/files/downloads/oil-data/annual-csv/primary/2019.csv,2026-10-08T10:38:05.185090+00:00,,million_tonnes,;historical_publication_date_unknown
CN,2019-08,CRUDEOIL,TOTEXPSB,KTONS,0.0000,1,0.0,exports_mt,2019-08-01,https://www.jodidata.org/_resources/files/downloads/oil-data/annual-csv/primary/2019.csv,2026-10-08T10:38:05.185090+00:00,,million_tonnes,;historical_publication_date_unknown
CN,2019-08,CRUDEOIL,TOTIMPSB,KTONS,42170.0000,1,42.17,imports_mt,2019-08-01,https://www.jodidata.org/_resources/files/downloads/oil-data/annual-csv/primary/2019.csv,2026-10-08T10:38:05.185090+00:00,,million_tonnes,;historical_publication_date_unknown
CN,2019-09,CRUDEOIL,CLOSTLV,KTONS,-,3,,closing_stocks_mt,2019-09-01,https://www.jodidata.org/_resources/files/downloads/oil-data/annual-csv/primary/2019.csv,2026-10-08T10:38:05.185090+00:00,,million_tonnes,;not_assessed;historical_publication_date_unknown
CN,2019-09,CRUDEOIL,INDPROD,KTONS,15643.0000,1,15.643,production_mt,2019-09-01,https://www.jodidata.org/_resources/files/downloads/oil-data/annual-csv/primary/2019.csv,2026-10-08T10:38:05.185090+00:00,,million_tonnes,;historical_publication_date_unknown
CN,2019-09,CRUDEOIL,REFINOBS,KTONS,58215.0000,1,58.215,calculated_intake_mt,2019-09-01,https://www.jodidata.org/_resources/files/downloads/oil-data/annual-csv/primary/2019.csv,2026-10-08T10:38:05.185090+00:00,,million_tonnes,;supply_derived_excluded_from_model;historical_publication_date_unknown
CN,2019-09,CRUDEOIL,STOCKCH,KTONS,-1412.0000,1,-1.412,stock_change_mt,2019-09-01,https://www.jodidata.org/_resources/files/downloads/oil-data/annual-csv/primary/2019.csv,2026-10-08T10:38:05.185090+00:00,,million_tonnes,;historical_publication_date_unknown
CN,2019-09,CRUDEOIL,TOTEXPSB,KTONS,80.0000,1,0.08,exports_mt,2019-09-01,https://www.jodidata.org/_resources/files/downloads/oil-data/annual-csv/primary/2019.csv,2026-10-08T10:38:05.185090+00:00,,million_tonnes,;historical_publication_date_unknown
CN,2019-09,CRUDEOIL,TOTIMPSB,KTONS,41240.0000,1,41.24,imports_mt,2019-09-01,https://www.jodidata.org/_resources/files/downloads/oil-data/annual-csv/primary/2019.csv,2026-10-08T10:38:05.185090+00:00,,million_tonnes,;historical_publication_date_unknown
CN,2019-10,CRUDEOIL,CLOSTLV,KTONS,-,3,,closing_stocks_mt,2019-10-01,https://www.jodidata.org/_resources/files/downloads/oil-data/annual-csv/primary/2019.csv,2026-10-08T10:38:05.185090+00:00,,million_tonnes,;not_assessed;historical_publication_date_unknown
CN,2019-10,CRUDEOIL,INDPROD,KTONS,16113.0000,1,16.113,production_mt,2019-10-01,https://www.jodidata.org/_resources/files/downloads/oil-data/annual-csv/primary/2019.csv,2026-10-08T10:38:05.185090+00:00,,million_tonnes,;historical_publication_date_unknown
CN,2019-10,CRUDEOIL,REFINOBS,KTONS,61897.0000,1,61.897,calculated_intake_mt,2019-10-01,https://www.jodidata.org/_resources/files/downloads/oil-data/annual-csv/primary/2019.csv,2026-10-08T10:38:05.185090+00:00,,million_tonnes,;supply_derived_excluded_from_model;historical_publication_date_unknown
CN,2019-10,CRUDEOIL,STOCKCH,KTONS,-274.0000,1,-0.274,stock_change_mt,2019-10-01,https://www.jodidata.org/_resources/files/downloads/oil-data/annual-csv/primary/2019.csv,2026-10-08T10:38:05.185090+00:00,,million_tonnes,;historical_publication_date_unknown
CN,2019-10,CRUDEOIL,TOTEXPSB,KTONS,0.0000,1,0.0,exports_mt,2019-10-01,https://www.jodidata.org/_resources/files/downloads/oil-data/annual-csv/primary/2019.csv,2026-10-08T10:38:05.185090+00:00,,million_tonnes,;historical_publication_date_unknown
CN,2019-10,CRUDEOIL,TOTIMPSB,KTONS,45510.0000,1,45.51,imports_mt,2019-10-01,https://www.jodidata.org/_resources/files/downloads/oil-data/annual-csv/primary/2019.csv,2026-10-08T10:38:05.185090+00:00,,million_tonnes,;historical_publication_date_unknown
CN,2019-11,CRUDEOIL,CLOSTLV,KTONS,-,3,,closing_stocks_mt,2019-11-01,https://www.jodidata.org/_resources/files/downloads/oil-data/annual-csv/primary/2019.csv,2026-10-08T10:38:05.185090+00:00,,million_tonnes,;not_assessed;historical_publication_date_unknown
CN,2019-11,CRUDEOIL,INDPROD,KTONS,15704.0000,1,15.704,production_mt,2019-11-01,https://www.jodidata.org/_resources/files/downloads/oil-data/annual-csv/primary/2019.csv,2026-10-08T10:38:05.185090+00:00,,million_tonnes,;historical_publication_date_unknown
CN,2019-11,CRUDEOIL,REFINOBS,KTONS,60923.0000,1,60.923,calculated_intake_mt,2019-11-01,https://www.jodidata.org/_resources/files/downloads/oil-data/annual-csv/primary/2019.csv,2026-10-08T10:38:05.185090+00:00,,million_tonnes,;supply_derived_excluded_from_model;historical_publication_date_unknown
CN,2019-11,CRUDEOIL,STOCKCH,KTONS,471.0000,1,0.471,stock_change_mt,2019-11-01,https://www.jodidata.org/_resources/files/downloads/oil-data/annual-csv/primary/2019.csv,2026-10-08T10:38:05.185090+00:00,,million_tonnes,;historical_publication_date_unknown
CN,2019-11,CRUDEOIL,TOTEXPSB,KTONS,50.0000,1,0.05,exports_mt,2019-11-01,https://www.jodidata.org/_resources/files/downloads/oil-data/annual-csv/primary/2019.csv,2026-10-08T10:38:05.185090+00:00,,million_tonnes,;historical_publication_date_unknown
CN,2019-11,CRUDEOIL,TOTIMPSB,KTONS,45740.0000,1,45.74,imports_mt,2019-11-01,https://www.jodidata.org/_resources/files/downloads/oil-data/annual-csv/primary/2019.csv,2026-10-08T10:38:05.185090+00:00,,million_tonnes,;historical_publication_date_unknown
CN,2019-12,CRUDEOIL,CLOSTLV,KTONS,-,3,,closing_stocks_mt,2019-12-01,https://www.jodidata.org/_resources/files/downloads/oil-data/annual-csv/primary/2019.csv,2026-10-08T10:38:05.185090+00:00,,million_tonnes,;not_assessed;historical_publication_date_unknown
CN,2019-12,CRUDEOIL,INDPROD,KTONS,16065.0000,1,16.065,production_mt,2019-12-01,https://www.jodidata.org/_resources/files/downloads/oil-data/annual-csv/primary/2019.csv,2026-10-08T10:38:05.185090+00:00,,million_tonnes,;historical_publication_date_unknown
CN,2019-12,CRUDEOIL,REFINOBS,KTONS,62650.0000,1,62.65,calculated_intake_mt,2019-12-01,https://www.jodidata.org/_resources/files/downloads/oil-data/annual-csv/primary/2019.csv,2026-10-08T10:38:05.185090+00:00,,million_tonnes,;supply_derived_excluded_from_model;historical_publication_date_unknown
CN,2019-12,CRUDEOIL,STOCKCH,KTONS,-1105.0000,1,-1.105,stock_change_mt,2019-12-01,https://www.jodidata.org/_resources/files/downloads/oil-data/annual-csv/primary/2019.csv,2026-10-08T10:38:05.185090+00:00,,million_tonnes,;historical_publication_date_unknown
CN,2019-12,CRUDEOIL,TOTEXPSB,KTONS,0.0000,1,0.0,exports_mt,2019-12-01,https://www.jodidata.org/_resources/files/downloads/oil-data/annual-csv/primary/2019.csv,2026-10-08T10:38:05.185090+00:00,,million_tonnes,;historical_publication_date_unknown
CN,2019-12,CRUDEOIL,TOTIMPSB,KTONS,45480.0000,1,45.48,imports_mt,2019-12-01,https://www.jodidata.org/_resources/files/downloads/oil-data/annual-csv/primary/2019.csv,2026-10-08T10:38:05.185090+00:00,,million_tonnes,;historical_publication_date_unknown
CN,2020-01,CRUDEOIL,CLOSTLV,KTONS,-,3,,closing_stocks_mt,2020-01-01,https://www.jodidata.org/_resources/files/downloads/oil-data/annual-csv/primary/2020.csv,2026-10-08T10:38:08.454422+00:00,,million_tonnes,jan_feb_calendar_disaggregated;not_assessed;historical_publication_date_unknown
CN,2020-01,CRUDEOIL,INDPROD,KTONS,16404.0000,1,16.404,production_mt,2020-01-01,https://www.jodidata.org/_resources/files/downloads/oil-data/annual-csv/primary/2020.csv,2026-10-08T10:38:08.454422+00:00,,million_tonnes,jan_feb_calendar_disaggregated;historical_publication_date_unknown
CN,2020-01,CRUDEOIL,REFINOBS,KTONS,58503.0000,1,58.503,calculated_intake_mt,2020-01-01,https://www.jodidata.org/_resources/files/downloads/oil-data/annual-csv/primary/2020.csv,2026-10-08T10:38:08.454422+00:00,,million_tonnes,jan_feb_calendar_disaggregated;supply_derived_excluded_from_model;historical_publication_date_unknown
CN,2020-01,CRUDEOIL,STOCKCH,KTONS,2001.0000,1,2.001,stock_change_mt,2020-01-01,https://www.jodidata.org/_resources/files/downloads/oil-data/annual-csv/primary/2020.csv,2026-10-08T10:38:08.454422+00:00,,million_tonnes,jan_feb_calendar_disaggregated;historical_publication_date_unknown
CN,2020-01,CRUDEOIL,TOTEXPSB,KTONS,31.0000,1,0.031,exports_mt,2020-01-01,https://www.jodidata.org/_resources/files/downloads/oil-data/annual-csv/primary/2020.csv,2026-10-08T10:38:08.454422+00:00,,million_tonnes,jan_feb_calendar_disaggregated;historical_publication_date_unknown
CN,2020-01,CRUDEOIL,TOTIMPSB,KTONS,44130.0000,1,44.13,imports_mt,2020-01-01,https://www.jodidata.org/_resources/files/downloads/oil-data/annual-csv/primary/2020.csv,2026-10-08T10:38:08.454422+00:00,,million_tonnes,jan_feb_calendar_disaggregated;historical_publication_date_unknown
CN,2020-02,CRUDEOIL,CLOSTLV,KTONS,-,3,,closing_stocks_mt,2020-02-01,https://www.jodidata.org/_resources/files/downloads/oil-data/annual-csv/primary/2020.csv,2026-10-08T10:38:08.454422+00:00,,million_tonnes,jan_feb_calendar_disaggregated;not_assessed;historical_publication_date_unknown
CN,2020-02,CRUDEOIL,INDPROD,KTONS,15598.0000,1,15.598,production_mt,2020-02-01,https://www.jodidata.org/_resources/files/downloads/oil-data/annual-csv/primary/2020.csv,2026-10-08T10:38:08.454422+00:00,,million_tonnes,jan_feb_calendar_disaggregated;historical_publication_date_unknown
CN,2020-02,CRUDEOIL,REFINOBS,KTONS,55625.0000,1,55.625,calculated_intake_mt,2020-02-01,https://www.jodidata.org/_resources/files/downloads/oil-data/annual-csv/primary/2020.csv,2026-10-08T10:38:08.454422+00:00,,million_tonnes,jan_feb_calendar_disaggregated;supply_derived_excluded_from_model;historical_publication_date_unknown
CN,2020-02,CRUDEOIL,STOCKCH,KTONS,1902.0000,1,1.902,stock_change_mt,2020-02-01,https://www.jodidata.org/_resources/files/downloads/oil-data/annual-csv/primary/2020.csv,2026-10-08T10:38:08.454422+00:00,,million_tonnes,jan_feb_calendar_disaggregated;historical_publication_date_unknown
CN,2020-02,CRUDEOIL,TOTEXPSB,KTONS,30.0000,1,0.03,exports_mt,2020-02-01,https://www.jodidata.org/_resources/files/downloads/oil-data/annual-csv/primary/2020.csv,2026-10-08T10:38:08.454422+00:00,,million_tonnes,jan_feb_calendar_disaggregated;historical_publication_date_unknown
CN,2020-02,CRUDEOIL,TOTIMPSB,KTONS,41960.0000,1,41.96,imports_mt,2020-02-01,https://www.jodidata.org/_resources/files/downloads/oil-data/annual-csv/primary/2020.csv,2026-10-08T10:38:08.454422+00:00,,million_tonnes,jan_feb_calendar_disaggregated;historical_publication_date_unknown
CN,2020-03,CRUDEOIL,CLOSTLV,KTONS,-,3,,closing_stocks_mt,2020-03-01,https://www.jodidata.org/_resources/files/downloads/oil-data/annual-csv/primary/2020.csv,2026-10-08T10:38:08.454422+00:00,,million_tonnes,;not_assessed;historical_publication_date_unknown
CN,2020-03,CRUDEOIL,INDPROD,KTONS,16563.0000,1,16.563,production_mt,2020-03-01,https://www.jodidata.org/_resources/files/downloads/oil-data/annual-csv/primary/2020.csv,2026-10-08T10:38:08.454422+00:00,,million_tonnes,;historical_publication_date_unknown
CN,2020-03,CRUDEOIL,REFINOBS,KTONS,56883.0000,1,56.883,calculated_intake_mt,2020-03-01,https://www.jodidata.org/_resources/files/downloads/oil-data/annual-csv/primary/2020.csv,2026-10-08T10:38:08.454422+00:00,,million_tonnes,;supply_derived_excluded_from_model;historical_publication_date_unknown
CN,2020-03,CRUDEOIL,STOCKCH,KTONS,640.0000,1,0.64,stock_change_mt,2020-03-01,https://www.jodidata.org/_resources/files/downloads/oil-data/annual-csv/primary/2020.csv,2026-10-08T10:38:08.454422+00:00,,million_tonnes,;historical_publication_date_unknown
CN,2020-03,CRUDEOIL,TOTEXPSB,KTONS,140.0000,1,0.14,exports_mt,2020-03-01,https://www.jodidata.org/_resources/files/downloads/oil-data/annual-csv/primary/2020.csv,2026-10-08T10:38:08.454422+00:00,,million_tonnes,;historical_publication_date_unknown
CN,2020-03,CRUDEOIL,TOTIMPSB,KTONS,41100.0000,1,41.1,imports_mt,2020-03-01,https://www.jodidata.org/_resources/files/downloads/oil-data/annual-csv/primary/2020.csv,2026-10-08T10:38:08.454422+00:00,,million_tonnes,;historical_publication_date_unknown
CN,2020-04,CRUDEOIL,CLOSTLV,KTONS,-,3,,closing_stocks_mt,2020-04-01,https://www.jodidata.org/_resources/files/downloads/oil-data/annual-csv/primary/2020.csv,2026-10-08T10:38:08.454422+00:00,,million_tonnes,;not_assessed;historical_publication_date_unknown
CN,2020-04,CRUDEOIL,INDPROD,KTONS,15875.0000,1,15.875,production_mt,2020-04-01,https://www.jodidata.org/_resources/files/downloads/oil-data/annual-csv/primary/2020.csv,2026-10-08T10:38:08.454422+00:00,,million_tonnes,;historical_publication_date_unknown
CN,2020-04,CRUDEOIL,REFINOBS,KTONS,60225.0000,1,60.225,calculated_intake_mt,2020-04-01,https://www.jodidata.org/_resources/files/downloads/oil-data/annual-csv/primary/2020.csv,2026-10-08T10:38:08.454422+00:00,,million_tonnes,;supply_derived_excluded_from_model;historical_publication_date_unknown
CN,2020-04,CRUDEOIL,STOCKCH,KTONS,-3920.0000,1,-3.92,stock_change_mt,2020-04-01,https://www.jodidata.org/_resources/files/downloads/oil-data/annual-csv/primary/2020.csv,2026-10-08T10:38:08.454422+00:00,,million_tonnes,;historical_publication_date_unknown
CN,2020-04,CRUDEOIL,TOTEXPSB,KTONS,0.0000,1,0.0,exports_mt,2020-04-01,https://www.jodidata.org/_resources/files/downloads/oil-data/annual-csv/primary/2020.csv,2026-10-08T10:38:08.454422+00:00,,million_tonnes,;historical_publication_date_unknown
CN,2020-04,CRUDEOIL,TOTIMPSB,KTONS,40430.0000,1,40.43,imports_mt,2020-04-01,https://www.jodidata.org/_resources/files/downloads/oil-data/annual-csv/primary/2020.csv,2026-10-08T10:38:08.454422+00:00,,million_tonnes,;historical_publication_date_unknown
CN,2020-05,CRUDEOIL,CLOSTLV,KTONS,-,3,,closing_stocks_mt,2020-05-01,https://www.jodidata.org/_resources/files/downloads/oil-data/annual-csv/primary/2020.csv,2026-10-08T10:38:08.454422+00:00,,million_tonnes,;not_assessed;historical_publication_date_unknown
CN,2020-05,CRUDEOIL,INDPROD,KTONS,16460.0000,1,16.46,production_mt,2020-05-01,https://www.jodidata.org/_resources/files/downloads/oil-data/annual-csv/primary/2020.csv,2026-10-08T10:38:08.454422+00:00,,million_tonnes,;historical_publication_date_unknown
CN,2020-05,CRUDEOIL,REFINOBS,KTONS,65310.0000,1,65.31,calculated_intake_mt,2020-05-01,https://www.jodidata.org/_resources/files/downloads/oil-data/annual-csv/primary/2020.csv,2026-10-08T10:38:08.454422+00:00,,million_tonnes,;supply_derived_excluded_from_model;historical_publication_date_unknown
CN,2020-05,CRUDEOIL,STOCKCH,KTONS,-880.0000,1,-0.88,stock_change_mt,2020-05-01,https://www.jodidata.org/_resources/files/downloads/oil-data/annual-csv/primary/2020.csv,2026-10-08T10:38:08.454422+00:00,,million_tonnes,;historical_publication_date_unknown
CN,2020-05,CRUDEOIL,TOTEXPSB,KTONS,0.0000,1,0.0,exports_mt,2020-05-01,https://www.jodidata.org/_resources/files/downloads/oil-data/annual-csv/primary/2020.csv,2026-10-08T10:38:08.454422+00:00,,million_tonnes,;historical_publication_date_unknown
CN,2020-05,CRUDEOIL,TOTIMPSB,KTONS,47970.0000,1,47.97,imports_mt,2020-05-01,https://www.jodidata.org/_resources/files/downloads/oil-data/annual-csv/primary/2020.csv,2026-10-08T10:38:08.454422+00:00,,million_tonnes,;historical_publication_date_unknown
CN,2020-06,CRUDEOIL,CLOSTLV,KTONS,-,3,,closing_stocks_mt,2020-06-01,https://www.jodidata.org/_resources/files/downloads/oil-data/annual-csv/primary/2020.csv,2026-10-08T10:38:08.454422+00:00,,million_tonnes,;not_assessed;historical_publication_date_unknown
CN,2020-06,CRUDEOIL,INDPROD,KTONS,16242.0000,1,16.242,production_mt,2020-06-01,https://www.jodidata.org/_resources/files/downloads/oil-data/annual-csv/primary/2020.csv,2026-10-08T10:38:08.454422+00:00,,million_tonnes,;historical_publication_date_unknown
CN,2020-06,CRUDEOIL,REFINOBS,KTONS,69904.0000,1,69.904,calculated_intake_mt,2020-06-01,https://www.jodidata.org/_resources/files/downloads/oil-data/annual-csv/primary/2020.csv,2026-10-08T10:38:08.454422+00:00,,million_tonnes,;supply_derived_excluded_from_model;historical_publication_date_unknown
CN,2020-06,CRUDEOIL,STOCKCH,KTONS,-550.0000,1,-0.55,stock_change_mt,2020-06-01,https://www.jodidata.org/_resources/files/downloads/oil-data/annual-csv/primary/2020.csv,2026-10-08T10:38:08.454422+00:00,,million_tonnes,;historical_publication_date_unknown
CN,2020-06,CRUDEOIL,TOTEXPSB,KTONS,68.0000,1,0.068,exports_mt,2020-06-01,https://www.jodidata.org/_resources/files/downloads/oil-data/annual-csv/primary/2020.csv,2026-10-08T10:38:08.454422+00:00,,million_tonnes,;historical_publication_date_unknown
CN,2020-06,CRUDEOIL,TOTIMPSB,KTONS,53180.0000,1,53.18,imports_mt,2020-06-01,https://www.jodidata.org/_resources/files/downloads/oil-data/annual-csv/primary/2020.csv,2026-10-08T10:38:08.454422+00:00,,million_tonnes,;historical_publication_date_unknown
CN,2020-07,CRUDEOIL,CLOSTLV,KTONS,-,3,,closing_stocks_mt,2020-07-01,https://www.jodidata.org/_resources/files/downloads/oil-data/annual-csv/primary/2020.csv,2026-10-08T10:38:08.454422+00:00,,million_tonnes,;not_assessed;historical_publication_date_unknown
CN,2020-07,CRUDEOIL,INDPROD,KTONS,16463.0000,1,16.463,production_mt,2020-07-01,https://www.jodidata.org/_resources/files/downloads/oil-data/annual-csv/primary/2020.csv,2026-10-08T10:38:08.454422+00:00,,million_tonnes,;historical_publication_date_unknown
CN,2020-07,CRUDEOIL,REFINOBS,KTONS,65987.0000,1,65.987,calculated_intake_mt,2020-07-01,https://www.jodidata.org/_resources/files/downloads/oil-data/annual-csv/primary/2020.csv,2026-10-08T10:38:08.454422+00:00,,million_tonnes,;supply_derived_excluded_from_model;historical_publication_date_unknown
CN,2020-07,CRUDEOIL,STOCKCH,KTONS,1590.0000,1,1.59,stock_change_mt,2020-07-01,https://www.jodidata.org/_resources/files/downloads/oil-data/annual-csv/primary/2020.csv,2026-10-08T10:38:08.454422+00:00,,million_tonnes,;historical_publication_date_unknown
CN,2020-07,CRUDEOIL,TOTEXPSB,KTONS,176.0000,2,0.176,exports_mt,2020-07-01,https://www.jodidata.org/_resources/files/downloads/oil-data/annual-csv/primary/2020.csv,2026-10-08T10:38:08.454422+00:00,,million_tonnes,;historical_publication_date_unknown
CN,2020-07,CRUDEOIL,TOTIMPSB,KTONS,51290.0000,1,51.29,imports_mt,2020-07-01,https://www.jodidata.org/_resources/files/downloads/oil-data/annual-csv/primary/2020.csv,2026-10-08T10:38:08.454422+00:00,,million_tonnes,;historical_publication_date_unknown
CN,2020-08,CRUDEOIL,CLOSTLV,KTONS,-,3,,closing_stocks_mt,2020-08-01,https://www.jodidata.org/_resources/files/downloads/oil-data/annual-csv/primary/2020.csv,2026-10-08T10:38:08.454422+00:00,,million_tonnes,;not_assessed;historical_publication_date_unknown
CN,2020-08,CRUDEOIL,INDPROD,KTONS,16651.0000,1,16.651,production_mt,2020-08-01,https://www.jodidata.org/_resources/files/downloads/oil-data/annual-csv/primary/2020.csv,2026-10-08T10:38:08.454422+00:00,,million_tonnes,;historical_publication_date_unknown
CN,2020-08,CRUDEOIL,REFINOBS,KTONS,62929.0000,1,62.929,calculated_intake_mt,2020-08-01,https://www.jodidata.org/_resources/files/downloads/oil-data/annual-csv/primary/2020.csv,2026-10-08T10:38:08.454422+00:00,,million_tonnes,;supply_derived_excluded_from_model;historical_publication_date_unknown
CN,2020-08,CRUDEOIL,STOCKCH,KTONS,970.0000,1,0.97,stock_change_mt,2020-08-01,https://www.jodidata.org/_resources/files/downloads/oil-data/annual-csv/primary/2020.csv,2026-10-08T10:38:08.454422+00:00,,million_tonnes,;historical_publication_date_unknown
CN,2020-08,CRUDEOIL,TOTEXPSB,KTONS,232.0000,1,0.232,exports_mt,2020-08-01,https://www.jodidata.org/_resources/files/downloads/oil-data/annual-csv/primary/2020.csv,2026-10-08T10:38:08.454422+00:00,,million_tonnes,;historical_publication_date_unknown
CN,2020-08,CRUDEOIL,TOTIMPSB,KTONS,47480.0000,1,47.48,imports_mt,2020-08-01,https://www.jodidata.org/_resources/files/downloads/oil-data/annual-csv/primary/2020.csv,2026-10-08T10:38:08.454422+00:00,,million_tonnes,;historical_publication_date_unknown
CN,2020-09,CRUDEOIL,CLOSTLV,KTONS,-,3,,closing_stocks_mt,2020-09-01,https://www.jodidata.org/_resources/files/downloads/oil-data/annual-csv/primary/2020.csv,2026-10-08T10:38:08.454422+00:00,,million_tonnes,;not_assessed;historical_publication_date_unknown
CN,2020-09,CRUDEOIL,INDPROD,KTONS,16096.0000,1,16.096,production_mt,2020-09-01,https://www.jodidata.org/_resources/files/downloads/oil-data/annual-csv/primary/2020.csv,2026-10-08T10:38:08.454422+00:00,,million_tonnes,;historical_publication_date_unknown
CN,2020-09,CRUDEOIL,REFINOBS,KTONS,67533.0000,1,67.533,calculated_intake_mt,2020-09-01,https://www.jodidata.org/_resources/files/downloads/oil-data/annual-csv/primary/2020.csv,2026-10-08T10:38:08.454422+00:00,,million_tonnes,;supply_derived_excluded_from_model;historical_publication_date_unknown
CN,2020-09,CRUDEOIL,STOCKCH,KTONS,-3277.0000,1,-3.277,stock_change_mt,2020-09-01,https://www.jodidata.org/_resources/files/downloads/oil-data/annual-csv/primary/2020.csv,2026-10-08T10:38:08.454422+00:00,,million_tonnes,;historical_publication_date_unknown
CN,2020-09,CRUDEOIL,TOTEXPSB,KTONS,322.0000,2,0.322,exports_mt,2020-09-01,https://www.jodidata.org/_resources/files/downloads/oil-data/annual-csv/primary/2020.csv,2026-10-08T10:38:08.454422+00:00,,million_tonnes,;historical_publication_date_unknown
CN,2020-09,CRUDEOIL,TOTIMPSB,KTONS,48482.0000,1,48.482,imports_mt,2020-09-01,https://www.jodidata.org/_resources/files/downloads/oil-data/annual-csv/primary/2020.csv,2026-10-08T10:38:08.454422+00:00,,million_tonnes,;historical_publication_date_unknown
CN,2020-10,CRUDEOIL,CLOSTLV,KTONS,-,3,,closing_stocks_mt,2020-10-01,https://www.jodidata.org/_resources/files/downloads/oil-data/annual-csv/primary/2020.csv,2026-10-08T10:38:08.454422+00:00,,million_tonnes,;not_assessed;historical_publication_date_unknown
CN,2020-10,CRUDEOIL,INDPROD,KTONS,16412.0000,1,16.412,production_mt,2020-10-01,https://www.jodidata.org/_resources/files/downloads/oil-data/annual-csv/primary/2020.csv,2026-10-08T10:38:08.454422+00:00,,million_tonnes,;historical_publication_date_unknown
CN,2020-10,CRUDEOIL,REFINOBS,KTONS,58903.0000,1,58.903,calculated_intake_mt,2020-10-01,https://www.jodidata.org/_resources/files/downloads/oil-data/annual-csv/primary/2020.csv,2026-10-08T10:38:08.454422+00:00,,million_tonnes,;supply_derived_excluded_from_model;historical_publication_date_unknown
CN,2020-10,CRUDEOIL,STOCKCH,KTONS,-,3,,stock_change_mt,2020-10-01,https://www.jodidata.org/_resources/files/downloads/oil-data/annual-csv/primary/2020.csv,2026-10-08T10:38:08.454422+00:00,,million_tonnes,;not_assessed;historical_publication_date_unknown
CN,2020-10,CRUDEOIL,TOTEXPSB,KTONS,69.0000,2,0.069,exports_mt,2020-10-01,https://www.jodidata.org/_resources/files/downloads/oil-data/annual-csv/primary/2020.csv,2026-10-08T10:38:08.454422+00:00,,million_tonnes,;historical_publication_date_unknown
CN,2020-10,CRUDEOIL,TOTIMPSB,KTONS,42560.0000,1,42.56,imports_mt,2020-10-01,https://www.jodidata.org/_resources/files/downloads/oil-data/annual-csv/primary/2020.csv,2026-10-08T10:38:08.454422+00:00,,million_tonnes,;historical_publication_date_unknown
CN,2020-11,CRUDEOIL,CLOSTLV,KTONS,-,3,,closing_stocks_mt,2020-11-01,https://www.jodidata.org/_resources/files/downloads/oil-data/annual-csv/primary/2020.csv,2026-10-08T10:38:08.454422+00:00,,million_tonnes,;not_assessed;historical_publication_date_unknown
CN,2020-11,CRUDEOIL,INDPROD,KTONS,15965.0000,1,15.965,production_mt,2020-11-01,https://www.jodidata.org/_resources/files/downloads/oil-data/annual-csv/primary/2020.csv,2026-10-08T10:38:08.454422+00:00,,million_tonnes,;historical_publication_date_unknown
CN,2020-11,CRUDEOIL,REFINOBS,KTONS,61008.0000,1,61.008,calculated_intake_mt,2020-11-01,https://www.jodidata.org/_resources/files/downloads/oil-data/annual-csv/primary/2020.csv,2026-10-08T10:38:08.454422+00:00,,million_tonnes,;supply_derived_excluded_from_model;historical_publication_date_unknown
CN,2020-11,CRUDEOIL,STOCKCH,KTONS,-,3,,stock_change_mt,2020-11-01,https://www.jodidata.org/_resources/files/downloads/oil-data/annual-csv/primary/2020.csv,2026-10-08T10:38:08.454422+00:00,,million_tonnes,;not_assessed;historical_publication_date_unknown
CN,2020-11,CRUDEOIL,TOTEXPSB,KTONS,317.0000,2,0.317,exports_mt,2020-11-01,https://www.jodidata.org/_resources/files/downloads/oil-data/annual-csv/primary/2020.csv,2026-10-08T10:38:08.454422+00:00,,million_tonnes,;historical_publication_date_unknown
CN,2020-11,CRUDEOIL,TOTIMPSB,KTONS,45360.0000,1,45.36,imports_mt,2020-11-01,https://www.jodidata.org/_resources/files/downloads/oil-data/annual-csv/primary/2020.csv,2026-10-08T10:38:08.454422+00:00,,million_tonnes,;historical_publication_date_unknown
CN,2020-12,CRUDEOIL,CLOSTLV,KTONS,-,3,,closing_stocks_mt,2020-12-01,https://www.jodidata.org/_resources/files/downloads/oil-data/annual-csv/primary/2020.csv,2026-10-08T10:38:08.454422+00:00,,million_tonnes,;not_assessed;historical_publication_date_unknown
CN,2020-12,CRUDEOIL,INDPROD,KTONS,16268.0000,1,16.268,production_mt,2020-12-01,https://www.jodidata.org/_resources/files/downloads/oil-data/annual-csv/primary/2020.csv,2026-10-08T10:38:08.454422+00:00,,million_tonnes,;historical_publication_date_unknown
CN,2020-12,CRUDEOIL,REFINOBS,KTONS,54486.0000,1,54.486,calculated_intake_mt,2020-12-01,https://www.jodidata.org/_resources/files/downloads/oil-data/annual-csv/primary/2020.csv,2026-10-08T10:38:08.454422+00:00,,million_tonnes,;supply_derived_excluded_from_model;historical_publication_date_unknown
CN,2020-12,CRUDEOIL,STOCKCH,KTONS,-,3,,stock_change_mt,2020-12-01,https://www.jodidata.org/_resources/files/downloads/oil-data/annual-csv/primary/2020.csv,2026-10-08T10:38:08.454422+00:00,,million_tonnes,;not_assessed;historical_publication_date_unknown
CN,2020-12,CRUDEOIL,TOTEXPSB,KTONS,252.0000,2,0.252,exports_mt,2020-12-01,https://www.jodidata.org/_resources/files/downloads/oil-data/annual-csv/primary/2020.csv,2026-10-08T10:38:08.454422+00:00,,million_tonnes,;historical_publication_date_unknown
CN,2020-12,CRUDEOIL,TOTIMPSB,KTONS,38470.0000,1,38.47,imports_mt,2020-12-01,https://www.jodidata.org/_resources/files/downloads/oil-data/annual-csv/primary/2020.csv,2026-10-08T10:38:08.454422+00:00,,million_tonnes,;historical_publication_date_unknown
CN,2021-01,CRUDEOIL,CLOSTLV,KTONS,-,3,,closing_stocks_mt,2021-01-01,https://www.jodidata.org/_resources/files/downloads/oil-data/annual-csv/primary/2021.csv,2026-10-08T10:38:11.846109+00:00,,million_tonnes,jan_feb_calendar_disaggregated;not_assessed;historical_publication_date_unknown
CN,2021-01,CRUDEOIL,INDPROD,KTONS,16279.0000,1,16.279,production_mt,2021-01-01,https://www.jodidata.org/_resources/files/downloads/oil-data/annual-csv/primary/2021.csv,2026-10-08T10:38:11.846109+00:00,,million_tonnes,jan_feb_calendar_disaggregated;historical_publication_date_unknown
CN,2021-01,CRUDEOIL,REFINOBS,KTONS,61545.0000,1,61.545,calculated_intake_mt,2021-01-01,https://www.jodidata.org/_resources/files/downloads/oil-data/annual-csv/primary/2021.csv,2026-10-08T10:38:11.846109+00:00,,million_tonnes,jan_feb_calendar_disaggregated;supply_derived_excluded_from_model;historical_publication_date_unknown
CN,2021-01,CRUDEOIL,STOCKCH,KTONS,-,3,,stock_change_mt,2021-01-01,https://www.jodidata.org/_resources/files/downloads/oil-data/annual-csv/primary/2021.csv,2026-10-08T10:38:11.846109+00:00,,million_tonnes,jan_feb_calendar_disaggregated;not_assessed;historical_publication_date_unknown
CN,2021-01,CRUDEOIL,TOTEXPSB,KTONS,183.0000,3,0.183,exports_mt,2021-01-01,https://www.jodidata.org/_resources/files/downloads/oil-data/annual-csv/primary/2021.csv,2026-10-08T10:38:11.846109+00:00,,million_tonnes,jan_feb_calendar_disaggregated;not_assessed;historical_publication_date_unknown
CN,2021-01,CRUDEOIL,TOTIMPSB,KTONS,45449.0000,1,45.449,imports_mt,2021-01-01,https://www.jodidata.org/_resources/files/downloads/oil-data/annual-csv/primary/2021.csv,2026-10-08T10:38:11.846109+00:00,,million_tonnes,jan_feb_calendar_disaggregated;historical_publication_date_unknown
CN,2021-02,CRUDEOIL,CLOSTLV,KTONS,-,3,,closing_stocks_mt,2021-02-01,https://www.jodidata.org/_resources/files/downloads/oil-data/annual-csv/primary/2021.csv,2026-10-08T10:38:11.846109+00:00,,million_tonnes,jan_feb_calendar_disaggregated;not_assessed;historical_publication_date_unknown
CN,2021-02,CRUDEOIL,INDPROD,KTONS,15803.0000,1,15.803,production_mt,2021-02-01,https://www.jodidata.org/_resources/files/downloads/oil-data/annual-csv/primary/2021.csv,2026-10-08T10:38:11.846109+00:00,,million_tonnes,jan_feb_calendar_disaggregated;historical_publication_date_unknown
CN,2021-02,CRUDEOIL,REFINOBS,KTONS,59747.0000,1,59.747,calculated_intake_mt,2021-02-01,https://www.jodidata.org/_resources/files/downloads/oil-data/annual-csv/primary/2021.csv,2026-10-08T10:38:11.846109+00:00,,million_tonnes,jan_feb_calendar_disaggregated;supply_derived_excluded_from_model;historical_publication_date_unknown
CN,2021-02,CRUDEOIL,STOCKCH,KTONS,-,3,,stock_change_mt,2021-02-01,https://www.jodidata.org/_resources/files/downloads/oil-data/annual-csv/primary/2021.csv,2026-10-08T10:38:11.846109+00:00,,million_tonnes,jan_feb_calendar_disaggregated;not_assessed;historical_publication_date_unknown
CN,2021-02,CRUDEOIL,TOTEXPSB,KTONS,177.0000,1,0.177,exports_mt,2021-02-01,https://www.jodidata.org/_resources/files/downloads/oil-data/annual-csv/primary/2021.csv,2026-10-08T10:38:11.846109+00:00,,million_tonnes,jan_feb_calendar_disaggregated;historical_publication_date_unknown
CN,2021-02,CRUDEOIL,TOTIMPSB,KTONS,44121.0000,1,44.121,imports_mt,2021-02-01,https://www.jodidata.org/_resources/files/downloads/oil-data/annual-csv/primary/2021.csv,2026-10-08T10:38:11.846109+00:00,,million_tonnes,jan_feb_calendar_disaggregated;historical_publication_date_unknown
CN,2021-03,CRUDEOIL,CLOSTLV,KTONS,-,3,,closing_stocks_mt,2021-03-01,https://www.jodidata.org/_resources/files/downloads/oil-data/annual-csv/primary/2021.csv,2026-10-08T10:38:11.846109+00:00,,million_tonnes,;not_assessed;historical_publication_date_unknown
CN,2021-03,CRUDEOIL,INDPROD,KTONS,17094.0000,1,17.094,production_mt,2021-03-01,https://www.jodidata.org/_resources/files/downloads/oil-data/annual-csv/primary/2021.csv,2026-10-08T10:38:11.846109+00:00,,million_tonnes,;historical_publication_date_unknown
CN,2021-03,CRUDEOIL,REFINOBS,KTONS,66687.0000,1,66.687,calculated_intake_mt,2021-03-01,https://www.jodidata.org/_resources/files/downloads/oil-data/annual-csv/primary/2021.csv,2026-10-08T10:38:11.846109+00:00,,million_tonnes,;supply_derived_excluded_from_model;historical_publication_date_unknown
CN,2021-03,CRUDEOIL,STOCKCH,KTONS,-,3,,stock_change_mt,2021-03-01,https://www.jodidata.org/_resources/files/downloads/oil-data/annual-csv/primary/2021.csv,2026-10-08T10:38:11.846109+00:00,,million_tonnes,;not_assessed;historical_publication_date_unknown
CN,2021-03,CRUDEOIL,TOTEXPSB,KTONS,66.0000,1,0.066,exports_mt,2021-03-01,https://www.jodidata.org/_resources/files/downloads/oil-data/annual-csv/primary/2021.csv,2026-10-08T10:38:11.846109+00:00,,million_tonnes,;historical_publication_date_unknown
CN,2021-03,CRUDEOIL,TOTIMPSB,KTONS,49659.0000,1,49.659,imports_mt,2021-03-01,https://www.jodidata.org/_resources/files/downloads/oil-data/annual-csv/primary/2021.csv,2026-10-08T10:38:11.846109+00:00,,million_tonnes,;historical_publication_date_unknown
CN,2021-04,CRUDEOIL,CLOSTLV,KTONS,-,3,,closing_stocks_mt,2021-04-01,https://www.jodidata.org/_resources/files/downloads/oil-data/annual-csv/primary/2021.csv,2026-10-08T10:38:11.846109+00:00,,million_tonnes,;not_assessed;historical_publication_date_unknown
CN,2021-04,CRUDEOIL,INDPROD,KTONS,16407.0000,1,16.407,production_mt,2021-04-01,https://www.jodidata.org/_resources/files/downloads/oil-data/annual-csv/primary/2021.csv,2026-10-08T10:38:11.846109+00:00,,million_tonnes,;historical_publication_date_unknown
CN,2021-04,CRUDEOIL,REFINOBS,KTONS,56767.0000,1,56.767,calculated_intake_mt,2021-04-01,https://www.jodidata.org/_resources/files/downloads/oil-data/annual-csv/primary/2021.csv,2026-10-08T10:38:11.846109+00:00,,million_tonnes,;supply_derived_excluded_from_model;historical_publication_date_unknown
CN,2021-04,CRUDEOIL,STOCKCH,KTONS,-,3,,stock_change_mt,2021-04-01,https://www.jodidata.org/_resources/files/downloads/oil-data/annual-csv/primary/2021.csv,2026-10-08T10:38:11.846109+00:00,,million_tonnes,;not_assessed;historical_publication_date_unknown
CN,2021-04,CRUDEOIL,TOTEXPSB,KTONS,-,3,,exports_mt,2021-04-01,https://www.jodidata.org/_resources/files/downloads/oil-data/annual-csv/primary/2021.csv,2026-10-08T10:38:11.846109+00:00,,million_tonnes,;not_assessed;historical_publication_date_unknown
CN,2021-04,CRUDEOIL,TOTIMPSB,KTONS,40360.0000,1,40.36,imports_mt,2021-04-01,https://www.jodidata.org/_resources/files/downloads/oil-data/annual-csv/primary/2021.csv,2026-10-08T10:38:11.846109+00:00,,million_tonnes,;historical_publication_date_unknown
CN,2021-05,CRUDEOIL,CLOSTLV,KTONS,-,3,,closing_stocks_mt,2021-05-01,https://www.jodidata.org/_resources/files/downloads/oil-data/annual-csv/primary/2021.csv,2026-10-08T10:38:11.846109+00:00,,million_tonnes,;not_assessed;historical_publication_date_unknown
CN,2021-05,CRUDEOIL,INDPROD,KTONS,17028.0000,1,17.028,production_mt,2021-05-01,https://www.jodidata.org/_resources/files/downloads/oil-data/annual-csv/primary/2021.csv,2026-10-08T10:38:11.846109+00:00,,million_tonnes,;historical_publication_date_unknown
CN,2021-05,CRUDEOIL,REFINOBS,KTONS,57996.0000,1,57.996,calculated_intake_mt,2021-05-01,https://www.jodidata.org/_resources/files/downloads/oil-data/annual-csv/primary/2021.csv,2026-10-08T10:38:11.846109+00:00,,million_tonnes,;supply_derived_excluded_from_model;historical_publication_date_unknown
CN,2021-05,CRUDEOIL,STOCKCH,KTONS,-,3,,stock_change_mt,2021-05-01,https://www.jodidata.org/_resources/files/downloads/oil-data/annual-csv/primary/2021.csv,2026-10-08T10:38:11.846109+00:00,,million_tonnes,;not_assessed;historical_publication_date_unknown
CN,2021-05,CRUDEOIL,TOTEXPSB,KTONS,-,3,,exports_mt,2021-05-01,https://www.jodidata.org/_resources/files/downloads/oil-data/annual-csv/primary/2021.csv,2026-10-08T10:38:11.846109+00:00,,million_tonnes,;not_assessed;historical_publication_date_unknown
CN,2021-05,CRUDEOIL,TOTIMPSB,KTONS,40968.0000,1,40.968,imports_mt,2021-05-01,https://www.jodidata.org/_resources/files/downloads/oil-data/annual-csv/primary/2021.csv,2026-10-08T10:38:11.846109+00:00,,million_tonnes,;historical_publication_date_unknown
CN,2021-06,CRUDEOIL,CLOSTLV,KTONS,-,3,,closing_stocks_mt,2021-06-01,https://www.jodidata.org/_resources/files/downloads/oil-data/annual-csv/primary/2021.csv,2026-10-08T10:38:11.846109+00:00,,million_tonnes,;not_assessed;historical_publication_date_unknown
CN,2021-06,CRUDEOIL,INDPROD,KTONS,16668.0000,1,16.668,production_mt,2021-06-01,https://www.jodidata.org/_resources/files/downloads/oil-data/annual-csv/primary/2021.csv,2026-10-08T10:38:11.846109+00:00,,million_tonnes,;historical_publication_date_unknown
CN,2021-06,CRUDEOIL,REFINOBS,KTONS,56638.0000,1,56.638,calculated_intake_mt,2021-06-01,https://www.jodidata.org/_resources/files/downloads/oil-data/annual-csv/primary/2021.csv,2026-10-08T10:38:11.846109+00:00,,million_tonnes,;supply_derived_excluded_from_model;historical_publication_date_unknown
CN,2021-06,CRUDEOIL,STOCKCH,KTONS,-,3,,stock_change_mt,2021-06-01,https://www.jodidata.org/_resources/files/downloads/oil-data/annual-csv/primary/2021.csv,2026-10-08T10:38:11.846109+00:00,,million_tonnes,;not_assessed;historical_publication_date_unknown
CN,2021-06,CRUDEOIL,TOTEXPSB,KTONS,165.0000,1,0.165,exports_mt,2021-06-01,https://www.jodidata.org/_resources/files/downloads/oil-data/annual-csv/primary/2021.csv,2026-10-08T10:38:11.846109+00:00,,million_tonnes,;historical_publication_date_unknown
CN,2021-06,CRUDEOIL,TOTIMPSB,KTONS,40135.0000,1,40.135,imports_mt,2021-06-01,https://www.jodidata.org/_resources/files/downloads/oil-data/annual-csv/primary/2021.csv,2026-10-08T10:38:11.846109+00:00,,million_tonnes,;historical_publication_date_unknown
CN,2021-07,CRUDEOIL,CLOSTLV,KTONS,-,3,,closing_stocks_mt,2021-07-01,https://www.jodidata.org/_resources/files/downloads/oil-data/annual-csv/primary/2021.csv,2026-10-08T10:38:11.846109+00:00,,million_tonnes,;not_assessed;historical_publication_date_unknown
CN,2021-07,CRUDEOIL,INDPROD,KTONS,16872.0000,1,16.872,production_mt,2021-07-01,https://www.jodidata.org/_resources/files/downloads/oil-data/annual-csv/primary/2021.csv,2026-10-08T10:38:11.846109+00:00,,million_tonnes,;historical_publication_date_unknown
CN,2021-07,CRUDEOIL,REFINOBS,KTONS,57518.0000,1,57.518,calculated_intake_mt,2021-07-01,https://www.jodidata.org/_resources/files/downloads/oil-data/annual-csv/primary/2021.csv,2026-10-08T10:38:11.846109+00:00,,million_tonnes,;supply_derived_excluded_from_model;historical_publication_date_unknown
CN,2021-07,CRUDEOIL,STOCKCH,KTONS,-,3,,stock_change_mt,2021-07-01,https://www.jodidata.org/_resources/files/downloads/oil-data/annual-csv/primary/2021.csv,2026-10-08T10:38:11.846109+00:00,,million_tonnes,;not_assessed;historical_publication_date_unknown
CN,2021-07,CRUDEOIL,TOTEXPSB,KTONS,594.0000,1,0.594,exports_mt,2021-07-01,https://www.jodidata.org/_resources/files/downloads/oil-data/annual-csv/primary/2021.csv,2026-10-08T10:38:11.846109+00:00,,million_tonnes,;historical_publication_date_unknown
CN,2021-07,CRUDEOIL,TOTIMPSB,KTONS,41240.0000,1,41.24,imports_mt,2021-07-01,https://www.jodidata.org/_resources/files/downloads/oil-data/annual-csv/primary/2021.csv,2026-10-08T10:38:11.846109+00:00,,million_tonnes,;historical_publication_date_unknown
CN,2021-08,CRUDEOIL,CLOSTLV,KTONS,-,3,,closing_stocks_mt,2021-08-01,https://www.jodidata.org/_resources/files/downloads/oil-data/annual-csv/primary/2021.csv,2026-10-08T10:38:11.846109+00:00,,million_tonnes,;not_assessed;historical_publication_date_unknown
CN,2021-08,CRUDEOIL,INDPROD,KTONS,17028.0000,1,17.028,production_mt,2021-08-01,https://www.jodidata.org/_resources/files/downloads/oil-data/annual-csv/primary/2021.csv,2026-10-08T10:38:11.846109+00:00,,million_tonnes,;historical_publication_date_unknown
CN,2021-08,CRUDEOIL,REFINOBS,KTONS,61558.0000,1,61.558,calculated_intake_mt,2021-08-01,https://www.jodidata.org/_resources/files/downloads/oil-data/annual-csv/primary/2021.csv,2026-10-08T10:38:11.846109+00:00,,million_tonnes,;supply_derived_excluded_from_model;historical_publication_date_unknown
CN,2021-08,CRUDEOIL,STOCKCH,KTONS,-,3,,stock_change_mt,2021-08-01,https://www.jodidata.org/_resources/files/downloads/oil-data/annual-csv/primary/2021.csv,2026-10-08T10:38:11.846109+00:00,,million_tonnes,;not_assessed;historical_publication_date_unknown
CN,2021-08,CRUDEOIL,TOTEXPSB,KTONS,-,3,,exports_mt,2021-08-01,https://www.jodidata.org/_resources/files/downloads/oil-data/annual-csv/primary/2021.csv,2026-10-08T10:38:11.846109+00:00,,million_tonnes,;not_assessed;historical_publication_date_unknown
CN,2021-08,CRUDEOIL,TOTIMPSB,KTONS,44530.0000,1,44.53,imports_mt,2021-08-01,https://www.jodidata.org/_resources/files/downloads/oil-data/annual-csv/primary/2021.csv,2026-10-08T10:38:11.846109+00:00,,million_tonnes,;historical_publication_date_unknown
CN,2021-09,CRUDEOIL,CLOSTLV,KTONS,-,3,,closing_stocks_mt,2021-09-01,https://www.jodidata.org/_resources/files/downloads/oil-data/annual-csv/primary/2021.csv,2026-10-08T10:38:11.846109+00:00,,million_tonnes,;not_assessed;historical_publication_date_unknown
CN,2021-09,CRUDEOIL,INDPROD,KTONS,16610.0000,1,16.61,production_mt,2021-09-01,https://www.jodidata.org/_resources/files/downloads/oil-data/annual-csv/primary/2021.csv,2026-10-08T10:38:11.846109+00:00,,million_tonnes,;historical_publication_date_unknown
CN,2021-09,CRUDEOIL,REFINOBS,KTONS,57582.0000,1,57.582,calculated_intake_mt,2021-09-01,https://www.jodidata.org/_resources/files/downloads/oil-data/annual-csv/primary/2021.csv,2026-10-08T10:38:11.846109+00:00,,million_tonnes,;supply_derived_excluded_from_model;historical_publication_date_unknown
CN,2021-09,CRUDEOIL,STOCKCH,KTONS,-,3,,stock_change_mt,2021-09-01,https://www.jodidata.org/_resources/files/downloads/oil-data/annual-csv/primary/2021.csv,2026-10-08T10:38:11.846109+00:00,,million_tonnes,;not_assessed;historical_publication_date_unknown
CN,2021-09,CRUDEOIL,TOTEXPSB,KTONS,79.0000,1,0.079,exports_mt,2021-09-01,https://www.jodidata.org/_resources/files/downloads/oil-data/annual-csv/primary/2021.csv,2026-10-08T10:38:11.846109+00:00,,million_tonnes,;historical_publication_date_unknown
CN,2021-09,CRUDEOIL,TOTIMPSB,KTONS,41050.0000,1,41.05,imports_mt,2021-09-01,https://www.jodidata.org/_resources/files/downloads/oil-data/annual-csv/primary/2021.csv,2026-10-08T10:38:11.846109+00:00,,million_tonnes,;historical_publication_date_unknown
CN,2021-10,CRUDEOIL,CLOSTLV,KTONS,-,3,,closing_stocks_mt,2021-10-01,https://www.jodidata.org/_resources/files/downloads/oil-data/annual-csv/primary/2021.csv,2026-10-08T10:38:11.846109+00:00,,million_tonnes,;not_assessed;historical_publication_date_unknown
CN,2021-10,CRUDEOIL,INDPROD,KTONS,16826.0000,1,16.826,production_mt,2021-10-01,https://www.jodidata.org/_resources/files/downloads/oil-data/annual-csv/primary/2021.csv,2026-10-08T10:38:11.846109+00:00,,million_tonnes,;historical_publication_date_unknown
CN,2021-10,CRUDEOIL,REFINOBS,KTONS,54541.0000,1,54.541,calculated_intake_mt,2021-10-01,https://www.jodidata.org/_resources/files/downloads/oil-data/annual-csv/primary/2021.csv,2026-10-08T10:38:11.846109+00:00,,million_tonnes,;supply_derived_excluded_from_model;historical_publication_date_unknown
CN,2021-10,CRUDEOIL,STOCKCH,KTONS,-,3,,stock_change_mt,2021-10-01,https://www.jodidata.org/_resources/files/downloads/oil-data/annual-csv/primary/2021.csv,2026-10-08T10:38:11.846109+00:00,,million_tonnes,;not_assessed;historical_publication_date_unknown
CN,2021-10,CRUDEOIL,TOTEXPSB,KTONS,85.0000,1,0.085,exports_mt,2021-10-01,https://www.jodidata.org/_resources/files/downloads/oil-data/annual-csv/primary/2021.csv,2026-10-08T10:38:11.846109+00:00,,million_tonnes,;historical_publication_date_unknown
CN,2021-10,CRUDEOIL,TOTIMPSB,KTONS,37800.0000,1,37.8,imports_mt,2021-10-01,https://www.jodidata.org/_resources/files/downloads/oil-data/annual-csv/primary/2021.csv,2026-10-08T10:38:11.846109+00:00,,million_tonnes,;historical_publication_date_unknown
CN,2021-11,CRUDEOIL,CLOSTLV,KTONS,-,3,,closing_stocks_mt,2021-11-01,https://www.jodidata.org/_resources/files/downloads/oil-data/annual-csv/primary/2021.csv,2026-10-08T10:38:11.846109+00:00,,million_tonnes,;not_assessed;historical_publication_date_unknown
CN,2021-11,CRUDEOIL,INDPROD,KTONS,16311.0000,1,16.311,production_mt,2021-11-01,https://www.jodidata.org/_resources/files/downloads/oil-data/annual-csv/primary/2021.csv,2026-10-08T10:38:11.846109+00:00,,million_tonnes,;historical_publication_date_unknown
CN,2021-11,CRUDEOIL,REFINOBS,KTONS,57368.0000,1,57.368,calculated_intake_mt,2021-11-01,https://www.jodidata.org/_resources/files/downloads/oil-data/annual-csv/primary/2021.csv,2026-10-08T10:38:11.846109+00:00,,million_tonnes,;supply_derived_excluded_from_model;historical_publication_date_unknown
CN,2021-11,CRUDEOIL,STOCKCH,KTONS,-,3,,stock_change_mt,2021-11-01,https://www.jodidata.org/_resources/files/downloads/oil-data/annual-csv/primary/2021.csv,2026-10-08T10:38:11.846109+00:00,,million_tonnes,;not_assessed;historical_publication_date_unknown
CN,2021-11,CRUDEOIL,TOTEXPSB,KTONS,733.0000,1,0.733,exports_mt,2021-11-01,https://www.jodidata.org/_resources/files/downloads/oil-data/annual-csv/primary/2021.csv,2026-10-08T10:38:11.846109+00:00,,million_tonnes,;historical_publication_date_unknown
CN,2021-11,CRUDEOIL,TOTIMPSB,KTONS,41790.0000,1,41.79,imports_mt,2021-11-01,https://www.jodidata.org/_resources/files/downloads/oil-data/annual-csv/primary/2021.csv,2026-10-08T10:38:11.846109+00:00,,million_tonnes,;historical_publication_date_unknown
CN,2021-12,CRUDEOIL,CLOSTLV,KTONS,-,3,,closing_stocks_mt,2021-12-01,https://www.jodidata.org/_resources/files/downloads/oil-data/annual-csv/primary/2021.csv,2026-10-08T10:38:11.846109+00:00,,million_tonnes,;not_assessed;historical_publication_date_unknown
CN,2021-12,CRUDEOIL,INDPROD,KTONS,16468.0000,1,16.468,production_mt,2021-12-01,https://www.jodidata.org/_resources/files/downloads/oil-data/annual-csv/primary/2021.csv,2026-10-08T10:38:11.846109+00:00,,million_tonnes,;historical_publication_date_unknown
CN,2021-12,CRUDEOIL,REFINOBS,KTONS,62083.0000,1,62.083,calculated_intake_mt,2021-12-01,https://www.jodidata.org/_resources/files/downloads/oil-data/annual-csv/primary/2021.csv,2026-10-08T10:38:11.846109+00:00,,million_tonnes,;supply_derived_excluded_from_model;historical_publication_date_unknown
CN,2021-12,CRUDEOIL,STOCKCH,KTONS,-,3,,stock_change_mt,2021-12-01,https://www.jodidata.org/_resources/files/downloads/oil-data/annual-csv/primary/2021.csv,2026-10-08T10:38:11.846109+00:00,,million_tonnes,;not_assessed;historical_publication_date_unknown
CN,2021-12,CRUDEOIL,TOTEXPSB,KTONS,525.0000,1,0.525,exports_mt,2021-12-01,https://www.jodidata.org/_resources/files/downloads/oil-data/annual-csv/primary/2021.csv,2026-10-08T10:38:11.846109+00:00,,million_tonnes,;historical_publication_date_unknown
CN,2021-12,CRUDEOIL,TOTIMPSB,KTONS,46140.0000,1,46.14,imports_mt,2021-12-01,https://www.jodidata.org/_resources/files/downloads/oil-data/annual-csv/primary/2021.csv,2026-10-08T10:38:11.846109+00:00,,million_tonnes,;historical_publication_date_unknown
CN,2022-01,CRUDEOIL,CLOSTLV,KTONS,-,3,,closing_stocks_mt,2022-01-01,https://www.jodidata.org/_resources/files/downloads/oil-data/annual-csv/primary/2022.csv,2026-10-08T10:38:18.600523+00:00,,million_tonnes,jan_feb_calendar_disaggregated;not_assessed;historical_publication_date_unknown
CN,2022-01,CRUDEOIL,INDPROD,KTONS,16676.0000,1,16.676,production_mt,2022-01-01,https://www.jodidata.org/_resources/files/downloads/oil-data/annual-csv/primary/2022.csv,2026-10-08T10:38:18.600523+00:00,,million_tonnes,jan_feb_calendar_disaggregated;historical_publication_date_unknown
CN,2022-01,CRUDEOIL,REFINOBS,KTONS,58999.0000,3,58.999,calculated_intake_mt,2022-01-01,https://www.jodidata.org/_resources/files/downloads/oil-data/annual-csv/primary/2022.csv,2026-10-08T10:38:18.600523+00:00,,million_tonnes,jan_feb_calendar_disaggregated;supply_derived_excluded_from_model;not_assessed;historical_publication_date_unknown
CN,2022-01,CRUDEOIL,STOCKCH,KTONS,-,3,,stock_change_mt,2022-01-01,https://www.jodidata.org/_resources/files/downloads/oil-data/annual-csv/primary/2022.csv,2026-10-08T10:38:18.600523+00:00,,million_tonnes,jan_feb_calendar_disaggregated;not_assessed;historical_publication_date_unknown
CN,2022-01,CRUDEOIL,TOTEXPSB,KTONS,91.0000,1,0.091,exports_mt,2022-01-01,https://www.jodidata.org/_resources/files/downloads/oil-data/annual-csv/primary/2022.csv,2026-10-08T10:38:18.600523+00:00,,million_tonnes,jan_feb_calendar_disaggregated;historical_publication_date_unknown
CN,2022-01,CRUDEOIL,TOTIMPSB,KTONS,42414.0000,1,42.414,imports_mt,2022-01-01,https://www.jodidata.org/_resources/files/downloads/oil-data/annual-csv/primary/2022.csv,2026-10-08T10:38:18.600523+00:00,,million_tonnes,jan_feb_calendar_disaggregated;historical_publication_date_unknown
CN,2022-02,CRUDEOIL,CLOSTLV,KTONS,-,3,,closing_stocks_mt,2022-02-01,https://www.jodidata.org/_resources/files/downloads/oil-data/annual-csv/primary/2022.csv,2026-10-08T10:38:18.600523+00:00,,million_tonnes,jan_feb_calendar_disaggregated;not_assessed;historical_publication_date_unknown
CN,2022-02,CRUDEOIL,INDPROD,KTONS,16798.0000,1,16.798,production_mt,2022-02-01,https://www.jodidata.org/_resources/files/downloads/oil-data/annual-csv/primary/2022.csv,2026-10-08T10:38:18.600523+00:00,,million_tonnes,jan_feb_calendar_disaggregated;historical_publication_date_unknown
CN,2022-02,CRUDEOIL,REFINOBS,KTONS,59432.0000,3,59.432,calculated_intake_mt,2022-02-01,https://www.jodidata.org/_resources/files/downloads/oil-data/annual-csv/primary/2022.csv,2026-10-08T10:38:18.600523+00:00,,million_tonnes,jan_feb_calendar_disaggregated;supply_derived_excluded_from_model;not_assessed;historical_publication_date_unknown
CN,2022-02,CRUDEOIL,STOCKCH,KTONS,-,3,,stock_change_mt,2022-02-01,https://www.jodidata.org/_resources/files/downloads/oil-data/annual-csv/primary/2022.csv,2026-10-08T10:38:18.600523+00:00,,million_tonnes,jan_feb_calendar_disaggregated;not_assessed;historical_publication_date_unknown
CN,2022-02,CRUDEOIL,TOTEXPSB,KTONS,92.0000,1,0.092,exports_mt,2022-02-01,https://www.jodidata.org/_resources/files/downloads/oil-data/annual-csv/primary/2022.csv,2026-10-08T10:38:18.600523+00:00,,million_tonnes,jan_feb_calendar_disaggregated;historical_publication_date_unknown
CN,2022-02,CRUDEOIL,TOTIMPSB,KTONS,42726.0000,1,42.726,imports_mt,2022-02-01,https://www.jodidata.org/_resources/files/downloads/oil-data/annual-csv/primary/2022.csv,2026-10-08T10:38:18.600523+00:00,,million_tonnes,jan_feb_calendar_disaggregated;historical_publication_date_unknown
CN,2022-03,CRUDEOIL,CLOSTLV,KTONS,-,3,,closing_stocks_mt,2022-03-01,https://www.jodidata.org/_resources/files/downloads/oil-data/annual-csv/primary/2022.csv,2026-10-08T10:38:18.600523+00:00,,million_tonnes,;not_assessed;historical_publication_date_unknown
CN,2022-03,CRUDEOIL,INDPROD,KTONS,17713.0000,1,17.713,production_mt,2022-03-01,https://www.jodidata.org/_resources/files/downloads/oil-data/annual-csv/primary/2022.csv,2026-10-08T10:38:18.600523+00:00,,million_tonnes,;historical_publication_date_unknown
CN,2022-03,CRUDEOIL,REFINOBS,KTONS,60423.0000,3,60.423,calculated_intake_mt,2022-03-01,https://www.jodidata.org/_resources/files/downloads/oil-data/annual-csv/primary/2022.csv,2026-10-08T10:38:18.600523+00:00,,million_tonnes,;supply_derived_excluded_from_model;not_assessed;historical_publication_date_unknown
CN,2022-03,CRUDEOIL,STOCKCH,KTONS,-,3,,stock_change_mt,2022-03-01,https://www.jodidata.org/_resources/files/downloads/oil-data/annual-csv/primary/2022.csv,2026-10-08T10:38:18.600523+00:00,,million_tonnes,;not_assessed;historical_publication_date_unknown
CN,2022-03,CRUDEOIL,TOTEXPSB,KTONS,0.0000,3,0.0,exports_mt,2022-03-01,https://www.jodidata.org/_resources/files/downloads/oil-data/annual-csv/primary/2022.csv,2026-10-08T10:38:18.600523+00:00,,million_tonnes,;not_assessed;historical_publication_date_unknown
CN,2022-03,CRUDEOIL,TOTIMPSB,KTONS,42710.0000,1,42.71,imports_mt,2022-03-01,https://www.jodidata.org/_resources/files/downloads/oil-data/annual-csv/primary/2022.csv,2026-10-08T10:38:18.600523+00:00,,million_tonnes,;historical_publication_date_unknown
CN,2022-04,CRUDEOIL,CLOSTLV,KTONS,-,3,,closing_stocks_mt,2022-04-01,https://www.jodidata.org/_resources/files/downloads/oil-data/annual-csv/primary/2022.csv,2026-10-08T10:38:18.600523+00:00,,million_tonnes,;not_assessed;historical_publication_date_unknown
CN,2022-04,CRUDEOIL,INDPROD,KTONS,16996.0000,1,16.996,production_mt,2022-04-01,https://www.jodidata.org/_resources/files/downloads/oil-data/annual-csv/primary/2022.csv,2026-10-08T10:38:18.600523+00:00,,million_tonnes,;historical_publication_date_unknown
CN,2022-04,CRUDEOIL,REFINOBS,KTONS,59858.0000,3,59.858,calculated_intake_mt,2022-04-01,https://www.jodidata.org/_resources/files/downloads/oil-data/annual-csv/primary/2022.csv,2026-10-08T10:38:18.600523+00:00,,million_tonnes,;supply_derived_excluded_from_model;not_assessed;historical_publication_date_unknown
CN,2022-04,CRUDEOIL,STOCKCH,KTONS,-,3,,stock_change_mt,2022-04-01,https://www.jodidata.org/_resources/files/downloads/oil-data/annual-csv/primary/2022.csv,2026-10-08T10:38:18.600523+00:00,,million_tonnes,;not_assessed;historical_publication_date_unknown
CN,2022-04,CRUDEOIL,TOTEXPSB,KTONS,168.0000,3,0.168,exports_mt,2022-04-01,https://www.jodidata.org/_resources/files/downloads/oil-data/annual-csv/primary/2022.csv,2026-10-08T10:38:18.600523+00:00,,million_tonnes,;not_assessed;historical_publication_date_unknown
CN,2022-04,CRUDEOIL,TOTIMPSB,KTONS,43030.0000,1,43.03,imports_mt,2022-04-01,https://www.jodidata.org/_resources/files/downloads/oil-data/annual-csv/primary/2022.csv,2026-10-08T10:38:18.600523+00:00,,million_tonnes,;historical_publication_date_unknown
CN,2022-05,CRUDEOIL,CLOSTLV,KTONS,-,3,,closing_stocks_mt,2022-05-01,https://www.jodidata.org/_resources/files/downloads/oil-data/annual-csv/primary/2022.csv,2026-10-08T10:38:18.600523+00:00,,million_tonnes,;not_assessed;historical_publication_date_unknown
CN,2022-05,CRUDEOIL,INDPROD,KTONS,17567.0000,1,17.567,production_mt,2022-05-01,https://www.jodidata.org/_resources/files/downloads/oil-data/annual-csv/primary/2022.csv,2026-10-08T10:38:18.600523+00:00,,million_tonnes,;historical_publication_date_unknown
CN,2022-05,CRUDEOIL,REFINOBS,KTONS,63387.0000,3,63.387,calculated_intake_mt,2022-05-01,https://www.jodidata.org/_resources/files/downloads/oil-data/annual-csv/primary/2022.csv,2026-10-08T10:38:18.600523+00:00,,million_tonnes,;supply_derived_excluded_from_model;not_assessed;historical_publication_date_unknown
CN,2022-05,CRUDEOIL,STOCKCH,KTONS,-,3,,stock_change_mt,2022-05-01,https://www.jodidata.org/_resources/files/downloads/oil-data/annual-csv/primary/2022.csv,2026-10-08T10:38:18.600523+00:00,,million_tonnes,;not_assessed;historical_publication_date_unknown
CN,2022-05,CRUDEOIL,TOTEXPSB,KTONS,0.0000,3,0.0,exports_mt,2022-05-01,https://www.jodidata.org/_resources/files/downloads/oil-data/annual-csv/primary/2022.csv,2026-10-08T10:38:18.600523+00:00,,million_tonnes,;not_assessed;historical_publication_date_unknown
CN,2022-05,CRUDEOIL,TOTIMPSB,KTONS,45820.0000,1,45.82,imports_mt,2022-05-01,https://www.jodidata.org/_resources/files/downloads/oil-data/annual-csv/primary/2022.csv,2026-10-08T10:38:18.600523+00:00,,million_tonnes,;historical_publication_date_unknown
CN,2022-06,CRUDEOIL,CLOSTLV,KTONS,-,3,,closing_stocks_mt,2022-06-01,https://www.jodidata.org/_resources/files/downloads/oil-data/annual-csv/primary/2022.csv,2026-10-08T10:38:18.600523+00:00,,million_tonnes,;not_assessed;historical_publication_date_unknown
CN,2022-06,CRUDEOIL,INDPROD,KTONS,17195.0000,1,17.195,production_mt,2022-06-01,https://www.jodidata.org/_resources/files/downloads/oil-data/annual-csv/primary/2022.csv,2026-10-08T10:38:18.600523+00:00,,million_tonnes,;historical_publication_date_unknown
CN,2022-06,CRUDEOIL,REFINOBS,KTONS,52800.0000,3,52.8,calculated_intake_mt,2022-06-01,https://www.jodidata.org/_resources/files/downloads/oil-data/annual-csv/primary/2022.csv,2026-10-08T10:38:18.600523+00:00,,million_tonnes,;supply_derived_excluded_from_model;not_assessed;historical_publication_date_unknown
CN,2022-06,CRUDEOIL,STOCKCH,KTONS,-,3,,stock_change_mt,2022-06-01,https://www.jodidata.org/_resources/files/downloads/oil-data/annual-csv/primary/2022.csv,2026-10-08T10:38:18.600523+00:00,,million_tonnes,;not_assessed;historical_publication_date_unknown
CN,2022-06,CRUDEOIL,TOTEXPSB,KTONS,214.0000,1,0.214,exports_mt,2022-06-01,https://www.jodidata.org/_resources/files/downloads/oil-data/annual-csv/primary/2022.csv,2026-10-08T10:38:18.600523+00:00,,million_tonnes,;historical_publication_date_unknown
CN,2022-06,CRUDEOIL,TOTIMPSB,KTONS,35819.0000,1,35.819,imports_mt,2022-06-01,https://www.jodidata.org/_resources/files/downloads/oil-data/annual-csv/primary/2022.csv,2026-10-08T10:38:18.600523+00:00,,million_tonnes,;historical_publication_date_unknown
CN,2022-07,CRUDEOIL,CLOSTLV,KTONS,-,3,,closing_stocks_mt,2022-07-01,https://www.jodidata.org/_resources/files/downloads/oil-data/annual-csv/primary/2022.csv,2026-10-08T10:38:18.600523+00:00,,million_tonnes,;not_assessed;historical_publication_date_unknown
CN,2022-07,CRUDEOIL,INDPROD,KTONS,17126.0000,1,17.126,production_mt,2022-07-01,https://www.jodidata.org/_resources/files/downloads/oil-data/annual-csv/primary/2022.csv,2026-10-08T10:38:18.600523+00:00,,million_tonnes,;historical_publication_date_unknown
CN,2022-07,CRUDEOIL,REFINOBS,KTONS,54408.0000,3,54.408,calculated_intake_mt,2022-07-01,https://www.jodidata.org/_resources/files/downloads/oil-data/annual-csv/primary/2022.csv,2026-10-08T10:38:18.600523+00:00,,million_tonnes,;supply_derived_excluded_from_model;not_assessed;historical_publication_date_unknown
CN,2022-07,CRUDEOIL,STOCKCH,KTONS,-,3,,stock_change_mt,2022-07-01,https://www.jodidata.org/_resources/files/downloads/oil-data/annual-csv/primary/2022.csv,2026-10-08T10:38:18.600523+00:00,,million_tonnes,;not_assessed;historical_publication_date_unknown
CN,2022-07,CRUDEOIL,TOTEXPSB,KTONS,46.0000,1,0.046,exports_mt,2022-07-01,https://www.jodidata.org/_resources/files/downloads/oil-data/annual-csv/primary/2022.csv,2026-10-08T10:38:18.600523+00:00,,million_tonnes,;historical_publication_date_unknown
CN,2022-07,CRUDEOIL,TOTIMPSB,KTONS,37328.0000,1,37.328,imports_mt,2022-07-01,https://www.jodidata.org/_resources/files/downloads/oil-data/annual-csv/primary/2022.csv,2026-10-08T10:38:18.600523+00:00,,million_tonnes,;historical_publication_date_unknown
CN,2022-08,CRUDEOIL,CLOSTLV,KTONS,-,3,,closing_stocks_mt,2022-08-01,https://www.jodidata.org/_resources/files/downloads/oil-data/annual-csv/primary/2022.csv,2026-10-08T10:38:18.600523+00:00,,million_tonnes,;not_assessed;historical_publication_date_unknown
CN,2022-08,CRUDEOIL,INDPROD,KTONS,16941.0000,1,16.941,production_mt,2022-08-01,https://www.jodidata.org/_resources/files/downloads/oil-data/annual-csv/primary/2022.csv,2026-10-08T10:38:18.600523+00:00,,million_tonnes,;historical_publication_date_unknown
CN,2022-08,CRUDEOIL,REFINOBS,KTONS,56809.0000,3,56.809,calculated_intake_mt,2022-08-01,https://www.jodidata.org/_resources/files/downloads/oil-data/annual-csv/primary/2022.csv,2026-10-08T10:38:18.600523+00:00,,million_tonnes,;supply_derived_excluded_from_model;not_assessed;historical_publication_date_unknown
CN,2022-08,CRUDEOIL,STOCKCH,KTONS,-,3,,stock_change_mt,2022-08-01,https://www.jodidata.org/_resources/files/downloads/oil-data/annual-csv/primary/2022.csv,2026-10-08T10:38:18.600523+00:00,,million_tonnes,;not_assessed;historical_publication_date_unknown
CN,2022-08,CRUDEOIL,TOTEXPSB,KTONS,486.0000,1,0.486,exports_mt,2022-08-01,https://www.jodidata.org/_resources/files/downloads/oil-data/annual-csv/primary/2022.csv,2026-10-08T10:38:18.600523+00:00,,million_tonnes,;historical_publication_date_unknown
CN,2022-08,CRUDEOIL,TOTIMPSB,KTONS,40354.0000,1,40.354,imports_mt,2022-08-01,https://www.jodidata.org/_resources/files/downloads/oil-data/annual-csv/primary/2022.csv,2026-10-08T10:38:18.600523+00:00,,million_tonnes,;historical_publication_date_unknown
CN,2022-09,CRUDEOIL,CLOSTLV,KTONS,-,3,,closing_stocks_mt,2022-09-01,https://www.jodidata.org/_resources/files/downloads/oil-data/annual-csv/primary/2022.csv,2026-10-08T10:38:18.600523+00:00,,million_tonnes,;not_assessed;historical_publication_date_unknown
CN,2022-09,CRUDEOIL,INDPROD,KTONS,16809.0000,1,16.809,production_mt,2022-09-01,https://www.jodidata.org/_resources/files/downloads/oil-data/annual-csv/primary/2022.csv,2026-10-08T10:38:18.600523+00:00,,million_tonnes,;historical_publication_date_unknown
CN,2022-09,CRUDEOIL,REFINOBS,KTONS,56327.0000,3,56.327,calculated_intake_mt,2022-09-01,https://www.jodidata.org/_resources/files/downloads/oil-data/annual-csv/primary/2022.csv,2026-10-08T10:38:18.600523+00:00,,million_tonnes,;supply_derived_excluded_from_model;not_assessed;historical_publication_date_unknown
CN,2022-09,CRUDEOIL,STOCKCH,KTONS,-,3,,stock_change_mt,2022-09-01,https://www.jodidata.org/_resources/files/downloads/oil-data/annual-csv/primary/2022.csv,2026-10-08T10:38:18.600523+00:00,,million_tonnes,;not_assessed;historical_publication_date_unknown
CN,2022-09,CRUDEOIL,TOTEXPSB,KTONS,724.0000,1,0.724,exports_mt,2022-09-01,https://www.jodidata.org/_resources/files/downloads/oil-data/annual-csv/primary/2022.csv,2026-10-08T10:38:18.600523+00:00,,million_tonnes,;historical_publication_date_unknown
CN,2022-09,CRUDEOIL,TOTIMPSB,KTONS,40242.0000,1,40.242,imports_mt,2022-09-01,https://www.jodidata.org/_resources/files/downloads/oil-data/annual-csv/primary/2022.csv,2026-10-08T10:38:18.600523+00:00,,million_tonnes,;historical_publication_date_unknown
CN,2022-10,CRUDEOIL,CLOSTLV,KTONS,-,3,,closing_stocks_mt,2022-10-01,https://www.jodidata.org/_resources/files/downloads/oil-data/annual-csv/primary/2022.csv,2026-10-08T10:38:18.600523+00:00,,million_tonnes,;not_assessed;historical_publication_date_unknown
CN,2022-10,CRUDEOIL,INDPROD,KTONS,17220.0000,1,17.22,production_mt,2022-10-01,https://www.jodidata.org/_resources/files/downloads/oil-data/annual-csv/primary/2022.csv,2026-10-08T10:38:18.600523+00:00,,million_tonnes,;historical_publication_date_unknown
CN,2022-10,CRUDEOIL,REFINOBS,KTONS,60170.0000,3,60.17,calculated_intake_mt,2022-10-01,https://www.jodidata.org/_resources/files/downloads/oil-data/annual-csv/primary/2022.csv,2026-10-08T10:38:18.600523+00:00,,million_tonnes,;supply_derived_excluded_from_model;not_assessed;historical_publication_date_unknown
CN,2022-10,CRUDEOIL,STOCKCH,KTONS,-,3,,stock_change_mt,2022-10-01,https://www.jodidata.org/_resources/files/downloads/oil-data/annual-csv/primary/2022.csv,2026-10-08T10:38:18.600523+00:00,,million_tonnes,;not_assessed;historical_publication_date_unknown
CN,2022-10,CRUDEOIL,TOTEXPSB,KTONS,190.0000,1,0.19,exports_mt,2022-10-01,https://www.jodidata.org/_resources/files/downloads/oil-data/annual-csv/primary/2022.csv,2026-10-08T10:38:18.600523+00:00,,million_tonnes,;historical_publication_date_unknown
CN,2022-10,CRUDEOIL,TOTIMPSB,KTONS,43140.0000,1,43.14,imports_mt,2022-10-01,https://www.jodidata.org/_resources/files/downloads/oil-data/annual-csv/primary/2022.csv,2026-10-08T10:38:18.600523+00:00,,million_tonnes,;historical_publication_date_unknown
CN,2022-11,CRUDEOIL,CLOSTLV,KTONS,-,3,,closing_stocks_mt,2022-11-01,https://www.jodidata.org/_resources/files/downloads/oil-data/annual-csv/primary/2022.csv,2026-10-08T10:38:18.600523+00:00,,million_tonnes,;not_assessed;historical_publication_date_unknown
CN,2022-11,CRUDEOIL,INDPROD,KTONS,16783.0000,1,16.783,production_mt,2022-11-01,https://www.jodidata.org/_resources/files/downloads/oil-data/annual-csv/primary/2022.csv,2026-10-08T10:38:18.600523+00:00,,million_tonnes,;historical_publication_date_unknown
CN,2022-11,CRUDEOIL,REFINOBS,KTONS,63523.0000,3,63.523,calculated_intake_mt,2022-11-01,https://www.jodidata.org/_resources/files/downloads/oil-data/annual-csv/primary/2022.csv,2026-10-08T10:38:18.600523+00:00,,million_tonnes,;supply_derived_excluded_from_model;not_assessed;historical_publication_date_unknown
CN,2022-11,CRUDEOIL,STOCKCH,KTONS,-,3,,stock_change_mt,2022-11-01,https://www.jodidata.org/_resources/files/downloads/oil-data/annual-csv/primary/2022.csv,2026-10-08T10:38:18.600523+00:00,,million_tonnes,;not_assessed;historical_publication_date_unknown
CN,2022-11,CRUDEOIL,TOTEXPSB,KTONS,0.0000,3,0.0,exports_mt,2022-11-01,https://www.jodidata.org/_resources/files/downloads/oil-data/annual-csv/primary/2022.csv,2026-10-08T10:38:18.600523+00:00,,million_tonnes,;not_assessed;historical_publication_date_unknown
CN,2022-11,CRUDEOIL,TOTIMPSB,KTONS,46740.0000,1,46.74,imports_mt,2022-11-01,https://www.jodidata.org/_resources/files/downloads/oil-data/annual-csv/primary/2022.csv,2026-10-08T10:38:18.600523+00:00,,million_tonnes,;historical_publication_date_unknown
CN,2022-12,CRUDEOIL,CLOSTLV,KTONS,-,3,,closing_stocks_mt,2022-12-01,https://www.jodidata.org/_resources/files/downloads/oil-data/annual-csv/primary/2022.csv,2026-10-08T10:38:18.600523+00:00,,million_tonnes,;not_assessed;historical_publication_date_unknown
CN,2022-12,CRUDEOIL,INDPROD,KTONS,16869.0000,1,16.869,production_mt,2022-12-01,https://www.jodidata.org/_resources/files/downloads/oil-data/annual-csv/primary/2022.csv,2026-10-08T10:38:18.600523+00:00,,million_tonnes,;historical_publication_date_unknown
CN,2022-12,CRUDEOIL,REFINOBS,KTONS,64891.0000,3,64.891,calculated_intake_mt,2022-12-01,https://www.jodidata.org/_resources/files/downloads/oil-data/annual-csv/primary/2022.csv,2026-10-08T10:38:18.600523+00:00,,million_tonnes,;supply_derived_excluded_from_model;not_assessed;historical_publication_date_unknown
CN,2022-12,CRUDEOIL,STOCKCH,KTONS,-,3,,stock_change_mt,2022-12-01,https://www.jodidata.org/_resources/files/downloads/oil-data/annual-csv/primary/2022.csv,2026-10-08T10:38:18.600523+00:00,,million_tonnes,;not_assessed;historical_publication_date_unknown
CN,2022-12,CRUDEOIL,TOTEXPSB,KTONS,43.0000,1,0.043,exports_mt,2022-12-01,https://www.jodidata.org/_resources/files/downloads/oil-data/annual-csv/primary/2022.csv,2026-10-08T10:38:18.600523+00:00,,million_tonnes,;historical_publication_date_unknown
CN,2022-12,CRUDEOIL,TOTIMPSB,KTONS,48065.0000,1,48.065,imports_mt,2022-12-01,https://www.jodidata.org/_resources/files/downloads/oil-data/annual-csv/primary/2022.csv,2026-10-08T10:38:18.600523+00:00,,million_tonnes,;historical_publication_date_unknown
CN,2023-01,CRUDEOIL,CLOSTLV,KTONS,-,3,,closing_stocks_mt,2023-01-01,https://www.jodidata.org/_resources/files/downloads/oil-data/annual-csv/primary/2023.csv,2026-10-08T10:38:24.819341+00:00,,million_tonnes,jan_feb_calendar_disaggregated;not_assessed;historical_publication_date_unknown
CN,2023-01,CRUDEOIL,INDPROD,KTONS,17092.0000,1,17.092,production_mt,2023-01-01,https://www.jodidata.org/_resources/files/downloads/oil-data/annual-csv/primary/2023.csv,2026-10-08T10:38:24.819341+00:00,,million_tonnes,jan_feb_calendar_disaggregated;historical_publication_date_unknown
CN,2023-01,CRUDEOIL,REFINOBS,KTONS,59099.0000,3,59.099,calculated_intake_mt,2023-01-01,https://www.jodidata.org/_resources/files/downloads/oil-data/annual-csv/primary/2023.csv,2026-10-08T10:38:24.819341+00:00,,million_tonnes,jan_feb_calendar_disaggregated;supply_derived_excluded_from_model;not_assessed;historical_publication_date_unknown
CN,2023-01,CRUDEOIL,STOCKCH,KTONS,0.0000,1,0.0,stock_change_mt,2023-01-01,https://www.jodidata.org/_resources/files/downloads/oil-data/annual-csv/primary/2023.csv,2026-10-08T10:38:24.819341+00:00,,million_tonnes,jan_feb_calendar_disaggregated;historical_publication_date_unknown
CN,2023-01,CRUDEOIL,TOTEXPSB,KTONS,39.0000,1,0.039,exports_mt,2023-01-01,https://www.jodidata.org/_resources/files/downloads/oil-data/annual-csv/primary/2023.csv,2026-10-08T10:38:24.819341+00:00,,million_tonnes,jan_feb_calendar_disaggregated;historical_publication_date_unknown
CN,2023-01,CRUDEOIL,TOTIMPSB,KTONS,42045.0000,1,42.045,imports_mt,2023-01-01,https://www.jodidata.org/_resources/files/downloads/oil-data/annual-csv/primary/2023.csv,2026-10-08T10:38:24.819341+00:00,,million_tonnes,jan_feb_calendar_disaggregated;historical_publication_date_unknown
CN,2023-02,CRUDEOIL,CLOSTLV,KTONS,-,3,,closing_stocks_mt,2023-02-01,https://www.jodidata.org/_resources/files/downloads/oil-data/annual-csv/primary/2023.csv,2026-10-08T10:38:24.819341+00:00,,million_tonnes,jan_feb_calendar_disaggregated;not_assessed;historical_publication_date_unknown
CN,2023-02,CRUDEOIL,INDPROD,KTONS,17082.0000,1,17.082,production_mt,2023-02-01,https://www.jodidata.org/_resources/files/downloads/oil-data/annual-csv/primary/2023.csv,2026-10-08T10:38:24.819341+00:00,,million_tonnes,jan_feb_calendar_disaggregated;historical_publication_date_unknown
CN,2023-02,CRUDEOIL,REFINOBS,KTONS,59061.0000,3,59.061,calculated_intake_mt,2023-02-01,https://www.jodidata.org/_resources/files/downloads/oil-data/annual-csv/primary/2023.csv,2026-10-08T10:38:24.819341+00:00,,million_tonnes,jan_feb_calendar_disaggregated;supply_derived_excluded_from_model;not_assessed;historical_publication_date_unknown
CN,2023-02,CRUDEOIL,STOCKCH,KTONS,0.0000,1,0.0,stock_change_mt,2023-02-01,https://www.jodidata.org/_resources/files/downloads/oil-data/annual-csv/primary/2023.csv,2026-10-08T10:38:24.819341+00:00,,million_tonnes,jan_feb_calendar_disaggregated;historical_publication_date_unknown
CN,2023-02,CRUDEOIL,TOTEXPSB,KTONS,39.0000,1,0.039,exports_mt,2023-02-01,https://www.jodidata.org/_resources/files/downloads/oil-data/annual-csv/primary/2023.csv,2026-10-08T10:38:24.819341+00:00,,million_tonnes,jan_feb_calendar_disaggregated;historical_publication_date_unknown
CN,2023-02,CRUDEOIL,TOTIMPSB,KTONS,42019.0000,1,42.019,imports_mt,2023-02-01,https://www.jodidata.org/_resources/files/downloads/oil-data/annual-csv/primary/2023.csv,2026-10-08T10:38:24.819341+00:00,,million_tonnes,jan_feb_calendar_disaggregated;historical_publication_date_unknown
CN,2023-03,CRUDEOIL,CLOSTLV,KTONS,-,3,,closing_stocks_mt,2023-03-01,https://www.jodidata.org/_resources/files/downloads/oil-data/annual-csv/primary/2023.csv,2026-10-08T10:38:24.819341+00:00,,million_tonnes,;not_assessed;historical_publication_date_unknown
CN,2023-03,CRUDEOIL,INDPROD,KTONS,18183.0000,3,18.183,production_mt,2023-03-01,https://www.jodidata.org/_resources/files/downloads/oil-data/annual-csv/primary/2023.csv,2026-10-08T10:38:24.819341+00:00,,million_tonnes,;not_assessed;historical_publication_date_unknown
CN,2023-03,CRUDEOIL,REFINOBS,KTONS,70220.0000,3,70.22,calculated_intake_mt,2023-03-01,https://www.jodidata.org/_resources/files/downloads/oil-data/annual-csv/primary/2023.csv,2026-10-08T10:38:24.819341+00:00,,million_tonnes,;supply_derived_excluded_from_model;not_assessed;historical_publication_date_unknown
CN,2023-03,CRUDEOIL,STOCKCH,KTONS,-,3,,stock_change_mt,2023-03-01,https://www.jodidata.org/_resources/files/downloads/oil-data/annual-csv/primary/2023.csv,2026-10-08T10:38:24.819341+00:00,,million_tonnes,;not_assessed;historical_publication_date_unknown
CN,2023-03,CRUDEOIL,TOTEXPSB,KTONS,271.0000,3,0.271,exports_mt,2023-03-01,https://www.jodidata.org/_resources/files/downloads/oil-data/annual-csv/primary/2023.csv,2026-10-08T10:38:24.819341+00:00,,million_tonnes,;not_assessed;historical_publication_date_unknown
CN,2023-03,CRUDEOIL,TOTIMPSB,KTONS,52308.0000,3,52.308,imports_mt,2023-03-01,https://www.jodidata.org/_resources/files/downloads/oil-data/annual-csv/primary/2023.csv,2026-10-08T10:38:24.819341+00:00,,million_tonnes,;not_assessed;historical_publication_date_unknown
CN,2023-04,CRUDEOIL,CLOSTLV,KTONS,-,3,,closing_stocks_mt,2023-04-01,https://www.jodidata.org/_resources/files/downloads/oil-data/annual-csv/primary/2023.csv,2026-10-08T10:38:24.819341+00:00,,million_tonnes,;not_assessed;historical_publication_date_unknown
CN,2023-04,CRUDEOIL,INDPROD,KTONS,17277.0000,3,17.277,production_mt,2023-04-01,https://www.jodidata.org/_resources/files/downloads/oil-data/annual-csv/primary/2023.csv,2026-10-08T10:38:24.819341+00:00,,million_tonnes,;not_assessed;historical_publication_date_unknown
CN,2023-04,CRUDEOIL,REFINOBS,KTONS,59684.0000,3,59.684,calculated_intake_mt,2023-04-01,https://www.jodidata.org/_resources/files/downloads/oil-data/annual-csv/primary/2023.csv,2026-10-08T10:38:24.819341+00:00,,million_tonnes,;supply_derived_excluded_from_model;not_assessed;historical_publication_date_unknown
CN,2023-04,CRUDEOIL,STOCKCH,KTONS,-,3,,stock_change_mt,2023-04-01,https://www.jodidata.org/_resources/files/downloads/oil-data/annual-csv/primary/2023.csv,2026-10-08T10:38:24.819341+00:00,,million_tonnes,;not_assessed;historical_publication_date_unknown
CN,2023-04,CRUDEOIL,TOTEXPSB,KTONS,0.0000,3,0.0,exports_mt,2023-04-01,https://www.jodidata.org/_resources/files/downloads/oil-data/annual-csv/primary/2023.csv,2026-10-08T10:38:24.819341+00:00,,million_tonnes,;not_assessed;historical_publication_date_unknown
CN,2023-04,CRUDEOIL,TOTIMPSB,KTONS,42407.0000,3,42.407,imports_mt,2023-04-01,https://www.jodidata.org/_resources/files/downloads/oil-data/annual-csv/primary/2023.csv,2026-10-08T10:38:24.819341+00:00,,million_tonnes,;not_assessed;historical_publication_date_unknown
CN,2023-05,CRUDEOIL,CLOSTLV,KTONS,-,3,,closing_stocks_mt,2023-05-01,https://www.jodidata.org/_resources/files/downloads/oil-data/annual-csv/primary/2023.csv,2026-10-08T10:38:24.819341+00:00,,million_tonnes,;not_assessed;historical_publication_date_unknown
CN,2023-05,CRUDEOIL,INDPROD,KTONS,18074.0000,3,18.074,production_mt,2023-05-01,https://www.jodidata.org/_resources/files/downloads/oil-data/annual-csv/primary/2023.csv,2026-10-08T10:38:24.819341+00:00,,million_tonnes,;not_assessed;historical_publication_date_unknown
CN,2023-05,CRUDEOIL,REFINOBS,KTONS,69354.0000,3,69.354,calculated_intake_mt,2023-05-01,https://www.jodidata.org/_resources/files/downloads/oil-data/annual-csv/primary/2023.csv,2026-10-08T10:38:24.819341+00:00,,million_tonnes,;supply_derived_excluded_from_model;not_assessed;historical_publication_date_unknown
CN,2023-05,CRUDEOIL,STOCKCH,KTONS,-,3,,stock_change_mt,2023-05-01,https://www.jodidata.org/_resources/files/downloads/oil-data/annual-csv/primary/2023.csv,2026-10-08T10:38:24.819341+00:00,,million_tonnes,;not_assessed;historical_publication_date_unknown
CN,2023-05,CRUDEOIL,TOTEXPSB,KTONS,164.0000,3,0.164,exports_mt,2023-05-01,https://www.jodidata.org/_resources/files/downloads/oil-data/annual-csv/primary/2023.csv,2026-10-08T10:38:24.819341+00:00,,million_tonnes,;not_assessed;historical_publication_date_unknown
CN,2023-05,CRUDEOIL,TOTIMPSB,KTONS,51444.0000,3,51.444,imports_mt,2023-05-01,https://www.jodidata.org/_resources/files/downloads/oil-data/annual-csv/primary/2023.csv,2026-10-08T10:38:24.819341+00:00,,million_tonnes,;not_assessed;historical_publication_date_unknown
CN,2023-06,CRUDEOIL,CLOSTLV,KTONS,-,3,,closing_stocks_mt,2023-06-01,https://www.jodidata.org/_resources/files/downloads/oil-data/annual-csv/primary/2023.csv,2026-10-08T10:38:24.819341+00:00,,million_tonnes,;not_assessed;historical_publication_date_unknown
CN,2023-06,CRUDEOIL,INDPROD,KTONS,17525.0000,3,17.525,production_mt,2023-06-01,https://www.jodidata.org/_resources/files/downloads/oil-data/annual-csv/primary/2023.csv,2026-10-08T10:38:24.819341+00:00,,million_tonnes,;not_assessed;historical_publication_date_unknown
CN,2023-06,CRUDEOIL,REFINOBS,KTONS,69464.0000,3,69.464,calculated_intake_mt,2023-06-01,https://www.jodidata.org/_resources/files/downloads/oil-data/annual-csv/primary/2023.csv,2026-10-08T10:38:24.819341+00:00,,million_tonnes,;supply_derived_excluded_from_model;not_assessed;historical_publication_date_unknown
CN,2023-06,CRUDEOIL,STOCKCH,KTONS,-,3,,stock_change_mt,2023-06-01,https://www.jodidata.org/_resources/files/downloads/oil-data/annual-csv/primary/2023.csv,2026-10-08T10:38:24.819341+00:00,,million_tonnes,;not_assessed;historical_publication_date_unknown
CN,2023-06,CRUDEOIL,TOTEXPSB,KTONS,123.0000,3,0.123,exports_mt,2023-06-01,https://www.jodidata.org/_resources/files/downloads/oil-data/annual-csv/primary/2023.csv,2026-10-08T10:38:24.819341+00:00,,million_tonnes,;not_assessed;historical_publication_date_unknown
CN,2023-06,CRUDEOIL,TOTIMPSB,KTONS,52062.0000,3,52.062,imports_mt,2023-06-01,https://www.jodidata.org/_resources/files/downloads/oil-data/annual-csv/primary/2023.csv,2026-10-08T10:38:24.819341+00:00,,million_tonnes,;not_assessed;historical_publication_date_unknown
CN,2023-07,CRUDEOIL,CLOSTLV,KTONS,-,3,,closing_stocks_mt,2023-07-01,https://www.jodidata.org/_resources/files/downloads/oil-data/annual-csv/primary/2023.csv,2026-10-08T10:38:24.819341+00:00,,million_tonnes,;not_assessed;historical_publication_date_unknown
CN,2023-07,CRUDEOIL,INDPROD,KTONS,17313.0000,3,17.313,production_mt,2023-07-01,https://www.jodidata.org/_resources/files/downloads/oil-data/annual-csv/primary/2023.csv,2026-10-08T10:38:24.819341+00:00,,million_tonnes,;not_assessed;historical_publication_date_unknown
CN,2023-07,CRUDEOIL,REFINOBS,KTONS,60757.0000,3,60.757,calculated_intake_mt,2023-07-01,https://www.jodidata.org/_resources/files/downloads/oil-data/annual-csv/primary/2023.csv,2026-10-08T10:38:24.819341+00:00,,million_tonnes,;supply_derived_excluded_from_model;not_assessed;historical_publication_date_unknown
CN,2023-07,CRUDEOIL,STOCKCH,KTONS,-,3,,stock_change_mt,2023-07-01,https://www.jodidata.org/_resources/files/downloads/oil-data/annual-csv/primary/2023.csv,2026-10-08T10:38:24.819341+00:00,,million_tonnes,;not_assessed;historical_publication_date_unknown
CN,2023-07,CRUDEOIL,TOTEXPSB,KTONS,242.0000,3,0.242,exports_mt,2023-07-01,https://www.jodidata.org/_resources/files/downloads/oil-data/annual-csv/primary/2023.csv,2026-10-08T10:38:24.819341+00:00,,million_tonnes,;not_assessed;historical_publication_date_unknown
CN,2023-07,CRUDEOIL,TOTIMPSB,KTONS,43686.0000,3,43.686,imports_mt,2023-07-01,https://www.jodidata.org/_resources/files/downloads/oil-data/annual-csv/primary/2023.csv,2026-10-08T10:38:24.819341+00:00,,million_tonnes,;not_assessed;historical_publication_date_unknown
CN,2023-08,CRUDEOIL,CLOSTLV,KTONS,-,3,,closing_stocks_mt,2023-08-01,https://www.jodidata.org/_resources/files/downloads/oil-data/annual-csv/primary/2023.csv,2026-10-08T10:38:24.819341+00:00,,million_tonnes,;not_assessed;historical_publication_date_unknown
CN,2023-08,CRUDEOIL,INDPROD,KTONS,17471.0000,3,17.471,production_mt,2023-08-01,https://www.jodidata.org/_resources/files/downloads/oil-data/annual-csv/primary/2023.csv,2026-10-08T10:38:24.819341+00:00,,million_tonnes,;not_assessed;historical_publication_date_unknown
CN,2023-08,CRUDEOIL,REFINOBS,KTONS,70042.0000,3,70.042,calculated_intake_mt,2023-08-01,https://www.jodidata.org/_resources/files/downloads/oil-data/annual-csv/primary/2023.csv,2026-10-08T10:38:24.819341+00:00,,million_tonnes,;supply_derived_excluded_from_model;not_assessed;historical_publication_date_unknown
CN,2023-08,CRUDEOIL,STOCKCH,KTONS,-,3,,stock_change_mt,2023-08-01,https://www.jodidata.org/_resources/files/downloads/oil-data/annual-csv/primary/2023.csv,2026-10-08T10:38:24.819341+00:00,,million_tonnes,;not_assessed;historical_publication_date_unknown
CN,2023-08,CRUDEOIL,TOTEXPSB,KTONS,233.0000,3,0.233,exports_mt,2023-08-01,https://www.jodidata.org/_resources/files/downloads/oil-data/annual-csv/primary/2023.csv,2026-10-08T10:38:24.819341+00:00,,million_tonnes,;not_assessed;historical_publication_date_unknown
CN,2023-08,CRUDEOIL,TOTIMPSB,KTONS,52804.0000,3,52.804,imports_mt,2023-08-01,https://www.jodidata.org/_resources/files/downloads/oil-data/annual-csv/primary/2023.csv,2026-10-08T10:38:24.819341+00:00,,million_tonnes,;not_assessed;historical_publication_date_unknown
CN,2023-09,CRUDEOIL,CLOSTLV,KTONS,-,3,,closing_stocks_mt,2023-09-01,https://www.jodidata.org/_resources/files/downloads/oil-data/annual-csv/primary/2023.csv,2026-10-08T10:38:24.819341+00:00,,million_tonnes,;not_assessed;historical_publication_date_unknown
CN,2023-09,CRUDEOIL,INDPROD,KTONS,16872.0000,3,16.872,production_mt,2023-09-01,https://www.jodidata.org/_resources/files/downloads/oil-data/annual-csv/primary/2023.csv,2026-10-08T10:38:24.819341+00:00,,million_tonnes,;not_assessed;historical_publication_date_unknown
CN,2023-09,CRUDEOIL,REFINOBS,KTONS,62478.0000,3,62.478,calculated_intake_mt,2023-09-01,https://www.jodidata.org/_resources/files/downloads/oil-data/annual-csv/primary/2023.csv,2026-10-08T10:38:24.819341+00:00,,million_tonnes,;supply_derived_excluded_from_model;not_assessed;historical_publication_date_unknown
CN,2023-09,CRUDEOIL,STOCKCH,KTONS,-,3,,stock_change_mt,2023-09-01,https://www.jodidata.org/_resources/files/downloads/oil-data/annual-csv/primary/2023.csv,2026-10-08T10:38:24.819341+00:00,,million_tonnes,;not_assessed;historical_publication_date_unknown
CN,2023-09,CRUDEOIL,TOTEXPSB,KTONS,134.0000,3,0.134,exports_mt,2023-09-01,https://www.jodidata.org/_resources/files/downloads/oil-data/annual-csv/primary/2023.csv,2026-10-08T10:38:24.819341+00:00,,million_tonnes,;not_assessed;historical_publication_date_unknown
CN,2023-09,CRUDEOIL,TOTIMPSB,KTONS,45740.0000,3,45.74,imports_mt,2023-09-01,https://www.jodidata.org/_resources/files/downloads/oil-data/annual-csv/primary/2023.csv,2026-10-08T10:38:24.819341+00:00,,million_tonnes,;not_assessed;historical_publication_date_unknown
CN,2023-10,CRUDEOIL,CLOSTLV,KTONS,-,3,,closing_stocks_mt,2023-10-01,https://www.jodidata.org/_resources/files/downloads/oil-data/annual-csv/primary/2023.csv,2026-10-08T10:38:24.819341+00:00,,million_tonnes,;not_assessed;historical_publication_date_unknown
CN,2023-10,CRUDEOIL,INDPROD,KTONS,17325.0000,3,17.325,production_mt,2023-10-01,https://www.jodidata.org/_resources/files/downloads/oil-data/annual-csv/primary/2023.csv,2026-10-08T10:38:24.819341+00:00,,million_tonnes,;not_assessed;historical_publication_date_unknown
CN,2023-10,CRUDEOIL,REFINOBS,KTONS,66294.0000,3,66.294,calculated_intake_mt,2023-10-01,https://www.jodidata.org/_resources/files/downloads/oil-data/annual-csv/primary/2023.csv,2026-10-08T10:38:24.819341+00:00,,million_tonnes,;supply_derived_excluded_from_model;not_assessed;historical_publication_date_unknown
CN,2023-10,CRUDEOIL,STOCKCH,KTONS,-,3,,stock_change_mt,2023-10-01,https://www.jodidata.org/_resources/files/downloads/oil-data/annual-csv/primary/2023.csv,2026-10-08T10:38:24.819341+00:00,,million_tonnes,;not_assessed;historical_publication_date_unknown
CN,2023-10,CRUDEOIL,TOTEXPSB,KTONS,0.0000,3,0.0,exports_mt,2023-10-01,https://www.jodidata.org/_resources/files/downloads/oil-data/annual-csv/primary/2023.csv,2026-10-08T10:38:24.819341+00:00,,million_tonnes,;not_assessed;historical_publication_date_unknown
CN,2023-10,CRUDEOIL,TOTIMPSB,KTONS,48969.0000,3,48.969,imports_mt,2023-10-01,https://www.jodidata.org/_resources/files/downloads/oil-data/annual-csv/primary/2023.csv,2026-10-08T10:38:24.819341+00:00,,million_tonnes,;not_assessed;historical_publication_date_unknown
CN,2023-11,CRUDEOIL,CLOSTLV,KTONS,-,3,,closing_stocks_mt,2023-11-01,https://www.jodidata.org/_resources/files/downloads/oil-data/annual-csv/primary/2023.csv,2026-10-08T10:38:24.819341+00:00,,million_tonnes,;not_assessed;historical_publication_date_unknown
CN,2023-11,CRUDEOIL,INDPROD,KTONS,17201.0000,3,17.201,production_mt,2023-11-01,https://www.jodidata.org/_resources/files/downloads/oil-data/annual-csv/primary/2023.csv,2026-10-08T10:38:24.819341+00:00,,million_tonnes,;not_assessed;historical_publication_date_unknown
CN,2023-11,CRUDEOIL,REFINOBS,KTONS,59560.0000,3,59.56,calculated_intake_mt,2023-11-01,https://www.jodidata.org/_resources/files/downloads/oil-data/annual-csv/primary/2023.csv,2026-10-08T10:38:24.819341+00:00,,million_tonnes,;supply_derived_excluded_from_model;not_assessed;historical_publication_date_unknown
CN,2023-11,CRUDEOIL,STOCKCH,KTONS,-,3,,stock_change_mt,2023-11-01,https://www.jodidata.org/_resources/files/downloads/oil-data/annual-csv/primary/2023.csv,2026-10-08T10:38:24.819341+00:00,,million_tonnes,;not_assessed;historical_publication_date_unknown
CN,2023-11,CRUDEOIL,TOTEXPSB,KTONS,86.0000,3,0.086,exports_mt,2023-11-01,https://www.jodidata.org/_resources/files/downloads/oil-data/annual-csv/primary/2023.csv,2026-10-08T10:38:24.819341+00:00,,million_tonnes,;not_assessed;historical_publication_date_unknown
CN,2023-11,CRUDEOIL,TOTIMPSB,KTONS,42445.0000,3,42.445,imports_mt,2023-11-01,https://www.jodidata.org/_resources/files/downloads/oil-data/annual-csv/primary/2023.csv,2026-10-08T10:38:24.819341+00:00,,million_tonnes,;not_assessed;historical_publication_date_unknown
CN,2023-12,CRUDEOIL,CLOSTLV,KTONS,-,3,,closing_stocks_mt,2023-12-01,https://www.jodidata.org/_resources/files/downloads/oil-data/annual-csv/primary/2023.csv,2026-10-08T10:38:24.819341+00:00,,million_tonnes,;not_assessed;historical_publication_date_unknown
CN,2023-12,CRUDEOIL,INDPROD,KTONS,17647.0000,3,17.647,production_mt,2023-12-01,https://www.jodidata.org/_resources/files/downloads/oil-data/annual-csv/primary/2023.csv,2026-10-08T10:38:24.819341+00:00,,million_tonnes,;not_assessed;historical_publication_date_unknown
CN,2023-12,CRUDEOIL,REFINOBS,KTONS,65919.0000,3,65.919,calculated_intake_mt,2023-12-01,https://www.jodidata.org/_resources/files/downloads/oil-data/annual-csv/primary/2023.csv,2026-10-08T10:38:24.819341+00:00,,million_tonnes,;supply_derived_excluded_from_model;not_assessed;historical_publication_date_unknown
CN,2023-12,CRUDEOIL,STOCKCH,KTONS,-,3,,stock_change_mt,2023-12-01,https://www.jodidata.org/_resources/files/downloads/oil-data/annual-csv/primary/2023.csv,2026-10-08T10:38:24.819341+00:00,,million_tonnes,;not_assessed;historical_publication_date_unknown
CN,2023-12,CRUDEOIL,TOTEXPSB,KTONS,89.0000,3,0.089,exports_mt,2023-12-01,https://www.jodidata.org/_resources/files/downloads/oil-data/annual-csv/primary/2023.csv,2026-10-08T10:38:24.819341+00:00,,million_tonnes,;not_assessed;historical_publication_date_unknown
CN,2023-12,CRUDEOIL,TOTIMPSB,KTONS,48361.0000,3,48.361,imports_mt,2023-12-01,https://www.jodidata.org/_resources/files/downloads/oil-data/annual-csv/primary/2023.csv,2026-10-08T10:38:24.819341+00:00,,million_tonnes,;not_assessed;historical_publication_date_unknown
CN,2024-01,CRUDEOIL,CLOSTLV,KTONS,-,3,,closing_stocks_mt,2024-01-01,https://www.jodidata.org/_resources/files/downloads/oil-data/annual-csv/primary/2024.csv,2026-10-08T10:38:28.315255+00:00,,million_tonnes,jan_feb_calendar_disaggregated;not_assessed;historical_publication_date_unknown
CN,2024-01,CRUDEOIL,INDPROD,KTONS,18682.0000,3,18.682,production_mt,2024-01-01,https://www.jodidata.org/_resources/files/downloads/oil-data/annual-csv/primary/2024.csv,2026-10-08T10:38:28.315255+00:00,,million_tonnes,jan_feb_calendar_disaggregated;not_assessed;historical_publication_date_unknown
CN,2024-01,CRUDEOIL,REFINOBS,KTONS,65671.0000,3,65.671,calculated_intake_mt,2024-01-01,https://www.jodidata.org/_resources/files/downloads/oil-data/annual-csv/primary/2024.csv,2026-10-08T10:38:28.315255+00:00,,million_tonnes,jan_feb_calendar_disaggregated;supply_derived_excluded_from_model;not_assessed;historical_publication_date_unknown
CN,2024-01,CRUDEOIL,STOCKCH,KTONS,-,3,,stock_change_mt,2024-01-01,https://www.jodidata.org/_resources/files/downloads/oil-data/annual-csv/primary/2024.csv,2026-10-08T10:38:28.315255+00:00,,million_tonnes,jan_feb_calendar_disaggregated;not_assessed;historical_publication_date_unknown
CN,2024-01,CRUDEOIL,TOTEXPSB,KTONS,0.0000,3,0.0,exports_mt,2024-01-01,https://www.jodidata.org/_resources/files/downloads/oil-data/annual-csv/primary/2024.csv,2026-10-08T10:38:28.315255+00:00,,million_tonnes,jan_feb_calendar_disaggregated;not_assessed;historical_publication_date_unknown
CN,2024-01,CRUDEOIL,TOTIMPSB,KTONS,46990.0000,3,46.99,imports_mt,2024-01-01,https://www.jodidata.org/_resources/files/downloads/oil-data/annual-csv/primary/2024.csv,2026-10-08T10:38:28.315255+00:00,,million_tonnes,jan_feb_calendar_disaggregated;not_assessed;historical_publication_date_unknown
CN,2024-02,CRUDEOIL,CLOSTLV,KTONS,-,3,,closing_stocks_mt,2024-02-01,https://www.jodidata.org/_resources/files/downloads/oil-data/annual-csv/primary/2024.csv,2026-10-08T10:38:28.315255+00:00,,million_tonnes,jan_feb_calendar_disaggregated;not_assessed;historical_publication_date_unknown
CN,2024-02,CRUDEOIL,INDPROD,KTONS,16427.0000,3,16.427,production_mt,2024-02-01,https://www.jodidata.org/_resources/files/downloads/oil-data/annual-csv/primary/2024.csv,2026-10-08T10:38:28.315255+00:00,,million_tonnes,jan_feb_calendar_disaggregated;not_assessed;historical_publication_date_unknown
CN,2024-02,CRUDEOIL,REFINOBS,KTONS,57746.0000,3,57.746,calculated_intake_mt,2024-02-01,https://www.jodidata.org/_resources/files/downloads/oil-data/annual-csv/primary/2024.csv,2026-10-08T10:38:28.315255+00:00,,million_tonnes,jan_feb_calendar_disaggregated;supply_derived_excluded_from_model;not_assessed;historical_publication_date_unknown
CN,2024-02,CRUDEOIL,STOCKCH,KTONS,-,3,,stock_change_mt,2024-02-01,https://www.jodidata.org/_resources/files/downloads/oil-data/annual-csv/primary/2024.csv,2026-10-08T10:38:28.315255+00:00,,million_tonnes,jan_feb_calendar_disaggregated;not_assessed;historical_publication_date_unknown
CN,2024-02,CRUDEOIL,TOTEXPSB,KTONS,0.0000,3,0.0,exports_mt,2024-02-01,https://www.jodidata.org/_resources/files/downloads/oil-data/annual-csv/primary/2024.csv,2026-10-08T10:38:28.315255+00:00,,million_tonnes,jan_feb_calendar_disaggregated;not_assessed;historical_publication_date_unknown
CN,2024-02,CRUDEOIL,TOTIMPSB,KTONS,41318.0000,3,41.318,imports_mt,2024-02-01,https://www.jodidata.org/_resources/files/downloads/oil-data/annual-csv/primary/2024.csv,2026-10-08T10:38:28.315255+00:00,,million_tonnes,jan_feb_calendar_disaggregated;not_assessed;historical_publication_date_unknown
CN,2024-03,CRUDEOIL,CLOSTLV,KTONS,-,3,,closing_stocks_mt,2024-03-01,https://www.jodidata.org/_resources/files/downloads/oil-data/annual-csv/primary/2024.csv,2026-10-08T10:38:28.315255+00:00,,million_tonnes,;not_assessed;historical_publication_date_unknown
CN,2024-03,CRUDEOIL,INDPROD,KTONS,18371.0000,3,18.371,production_mt,2024-03-01,https://www.jodidata.org/_resources/files/downloads/oil-data/annual-csv/primary/2024.csv,2026-10-08T10:38:28.315255+00:00,,million_tonnes,;not_assessed;historical_publication_date_unknown
CN,2024-03,CRUDEOIL,REFINOBS,KTONS,67361.0000,3,67.361,calculated_intake_mt,2024-03-01,https://www.jodidata.org/_resources/files/downloads/oil-data/annual-csv/primary/2024.csv,2026-10-08T10:38:28.315255+00:00,,million_tonnes,;supply_derived_excluded_from_model;not_assessed;historical_publication_date_unknown
CN,2024-03,CRUDEOIL,STOCKCH,KTONS,-,3,,stock_change_mt,2024-03-01,https://www.jodidata.org/_resources/files/downloads/oil-data/annual-csv/primary/2024.csv,2026-10-08T10:38:28.315255+00:00,,million_tonnes,;not_assessed;historical_publication_date_unknown
CN,2024-03,CRUDEOIL,TOTEXPSB,KTONS,62.0000,3,0.062,exports_mt,2024-03-01,https://www.jodidata.org/_resources/files/downloads/oil-data/annual-csv/primary/2024.csv,2026-10-08T10:38:28.315255+00:00,,million_tonnes,;not_assessed;historical_publication_date_unknown
CN,2024-03,CRUDEOIL,TOTIMPSB,KTONS,49052.0000,3,49.052,imports_mt,2024-03-01,https://www.jodidata.org/_resources/files/downloads/oil-data/annual-csv/primary/2024.csv,2026-10-08T10:38:28.315255+00:00,,million_tonnes,;not_assessed;historical_publication_date_unknown
CN,2024-04,CRUDEOIL,CLOSTLV,KTONS,-,3,,closing_stocks_mt,2024-04-01,https://www.jodidata.org/_resources/files/downloads/oil-data/annual-csv/primary/2024.csv,2026-10-08T10:38:28.315255+00:00,,million_tonnes,;not_assessed;historical_publication_date_unknown
CN,2024-04,CRUDEOIL,INDPROD,KTONS,17467.0000,3,17.467,production_mt,2024-04-01,https://www.jodidata.org/_resources/files/downloads/oil-data/annual-csv/primary/2024.csv,2026-10-08T10:38:28.315255+00:00,,million_tonnes,;not_assessed;historical_publication_date_unknown
CN,2024-04,CRUDEOIL,REFINOBS,KTONS,61922.0000,3,61.922,calculated_intake_mt,2024-04-01,https://www.jodidata.org/_resources/files/downloads/oil-data/annual-csv/primary/2024.csv,2026-10-08T10:38:28.315255+00:00,,million_tonnes,;supply_derived_excluded_from_model;not_assessed;historical_publication_date_unknown
CN,2024-04,CRUDEOIL,STOCKCH,KTONS,-,3,,stock_change_mt,2024-04-01,https://www.jodidata.org/_resources/files/downloads/oil-data/annual-csv/primary/2024.csv,2026-10-08T10:38:28.315255+00:00,,million_tonnes,;not_assessed;historical_publication_date_unknown
CN,2024-04,CRUDEOIL,TOTEXPSB,KTONS,264.0000,3,0.264,exports_mt,2024-04-01,https://www.jodidata.org/_resources/files/downloads/oil-data/annual-csv/primary/2024.csv,2026-10-08T10:38:28.315255+00:00,,million_tonnes,;not_assessed;historical_publication_date_unknown
CN,2024-04,CRUDEOIL,TOTIMPSB,KTONS,44719.0000,3,44.719,imports_mt,2024-04-01,https://www.jodidata.org/_resources/files/downloads/oil-data/annual-csv/primary/2024.csv,2026-10-08T10:38:28.315255+00:00,,million_tonnes,;not_assessed;historical_publication_date_unknown
CN,2024-05,CRUDEOIL,CLOSTLV,KTONS,-,3,,closing_stocks_mt,2024-05-01,https://www.jodidata.org/_resources/files/downloads/oil-data/annual-csv/primary/2024.csv,2026-10-08T10:38:28.315255+00:00,,million_tonnes,;not_assessed;historical_publication_date_unknown
CN,2024-05,CRUDEOIL,INDPROD,KTONS,18147.0000,3,18.147,production_mt,2024-05-01,https://www.jodidata.org/_resources/files/downloads/oil-data/annual-csv/primary/2024.csv,2026-10-08T10:38:28.315255+00:00,,million_tonnes,;not_assessed;historical_publication_date_unknown
CN,2024-05,CRUDEOIL,REFINOBS,KTONS,65114.0000,3,65.114,calculated_intake_mt,2024-05-01,https://www.jodidata.org/_resources/files/downloads/oil-data/annual-csv/primary/2024.csv,2026-10-08T10:38:28.315255+00:00,,million_tonnes,;supply_derived_excluded_from_model;not_assessed;historical_publication_date_unknown
CN,2024-05,CRUDEOIL,STOCKCH,KTONS,-,3,,stock_change_mt,2024-05-01,https://www.jodidata.org/_resources/files/downloads/oil-data/annual-csv/primary/2024.csv,2026-10-08T10:38:28.315255+00:00,,million_tonnes,;not_assessed;historical_publication_date_unknown
CN,2024-05,CRUDEOIL,TOTEXPSB,KTONS,0.0000,3,0.0,exports_mt,2024-05-01,https://www.jodidata.org/_resources/files/downloads/oil-data/annual-csv/primary/2024.csv,2026-10-08T10:38:28.315255+00:00,,million_tonnes,;not_assessed;historical_publication_date_unknown
CN,2024-05,CRUDEOIL,TOTIMPSB,KTONS,46967.0000,3,46.967,imports_mt,2024-05-01,https://www.jodidata.org/_resources/files/downloads/oil-data/annual-csv/primary/2024.csv,2026-10-08T10:38:28.315255+00:00,,million_tonnes,;not_assessed;historical_publication_date_unknown
CN,2024-06,CRUDEOIL,CLOSTLV,KTONS,-,3,,closing_stocks_mt,2024-06-01,https://www.jodidata.org/_resources/files/downloads/oil-data/annual-csv/primary/2024.csv,2026-10-08T10:38:28.315255+00:00,,million_tonnes,;not_assessed;historical_publication_date_unknown
CN,2024-06,CRUDEOIL,INDPROD,KTONS,17946.0000,3,17.946,production_mt,2024-06-01,https://www.jodidata.org/_resources/files/downloads/oil-data/annual-csv/primary/2024.csv,2026-10-08T10:38:28.315255+00:00,,million_tonnes,;not_assessed;historical_publication_date_unknown
CN,2024-06,CRUDEOIL,REFINOBS,KTONS,64323.0000,3,64.323,calculated_intake_mt,2024-06-01,https://www.jodidata.org/_resources/files/downloads/oil-data/annual-csv/primary/2024.csv,2026-10-08T10:38:28.315255+00:00,,million_tonnes,;supply_derived_excluded_from_model;not_assessed;historical_publication_date_unknown
CN,2024-06,CRUDEOIL,STOCKCH,KTONS,-,3,,stock_change_mt,2024-06-01,https://www.jodidata.org/_resources/files/downloads/oil-data/annual-csv/primary/2024.csv,2026-10-08T10:38:28.315255+00:00,,million_tonnes,;not_assessed;historical_publication_date_unknown
CN,2024-06,CRUDEOIL,TOTEXPSB,KTONS,76.0000,3,0.076,exports_mt,2024-06-01,https://www.jodidata.org/_resources/files/downloads/oil-data/annual-csv/primary/2024.csv,2026-10-08T10:38:28.315255+00:00,,million_tonnes,;not_assessed;historical_publication_date_unknown
CN,2024-06,CRUDEOIL,TOTIMPSB,KTONS,46453.0000,3,46.453,imports_mt,2024-06-01,https://www.jodidata.org/_resources/files/downloads/oil-data/annual-csv/primary/2024.csv,2026-10-08T10:38:28.315255+00:00,,million_tonnes,;not_assessed;historical_publication_date_unknown
CN,2024-07,CRUDEOIL,CLOSTLV,KTONS,-,3,,closing_stocks_mt,2024-07-01,https://www.jodidata.org/_resources/files/downloads/oil-data/annual-csv/primary/2024.csv,2026-10-08T10:38:28.315255+00:00,,million_tonnes,;not_assessed;historical_publication_date_unknown
CN,2024-07,CRUDEOIL,INDPROD,KTONS,17901.0000,3,17.901,production_mt,2024-07-01,https://www.jodidata.org/_resources/files/downloads/oil-data/annual-csv/primary/2024.csv,2026-10-08T10:38:28.315255+00:00,,million_tonnes,;not_assessed;historical_publication_date_unknown
CN,2024-07,CRUDEOIL,REFINOBS,KTONS,60201.0000,3,60.201,calculated_intake_mt,2024-07-01,https://www.jodidata.org/_resources/files/downloads/oil-data/annual-csv/primary/2024.csv,2026-10-08T10:38:28.315255+00:00,,million_tonnes,;supply_derived_excluded_from_model;not_assessed;historical_publication_date_unknown
CN,2024-07,CRUDEOIL,STOCKCH,KTONS,-,3,,stock_change_mt,2024-07-01,https://www.jodidata.org/_resources/files/downloads/oil-data/annual-csv/primary/2024.csv,2026-10-08T10:38:28.315255+00:00,,million_tonnes,;not_assessed;historical_publication_date_unknown
CN,2024-07,CRUDEOIL,TOTEXPSB,KTONS,38.0000,3,0.038,exports_mt,2024-07-01,https://www.jodidata.org/_resources/files/downloads/oil-data/annual-csv/primary/2024.csv,2026-10-08T10:38:28.315255+00:00,,million_tonnes,;not_assessed;historical_publication_date_unknown
CN,2024-07,CRUDEOIL,TOTIMPSB,KTONS,42338.0000,3,42.338,imports_mt,2024-07-01,https://www.jodidata.org/_resources/files/downloads/oil-data/annual-csv/primary/2024.csv,2026-10-08T10:38:28.315255+00:00,,million_tonnes,;not_assessed;historical_publication_date_unknown
CN,2024-08,CRUDEOIL,CLOSTLV,KTONS,-,3,,closing_stocks_mt,2024-08-01,https://www.jodidata.org/_resources/files/downloads/oil-data/annual-csv/primary/2024.csv,2026-10-08T10:38:28.315255+00:00,,million_tonnes,;not_assessed;historical_publication_date_unknown
CN,2024-08,CRUDEOIL,INDPROD,KTONS,17835.0000,3,17.835,production_mt,2024-08-01,https://www.jodidata.org/_resources/files/downloads/oil-data/annual-csv/primary/2024.csv,2026-10-08T10:38:28.315255+00:00,,million_tonnes,;not_assessed;historical_publication_date_unknown
CN,2024-08,CRUDEOIL,REFINOBS,KTONS,66398.0000,3,66.398,calculated_intake_mt,2024-08-01,https://www.jodidata.org/_resources/files/downloads/oil-data/annual-csv/primary/2024.csv,2026-10-08T10:38:28.315255+00:00,,million_tonnes,;supply_derived_excluded_from_model;not_assessed;historical_publication_date_unknown
CN,2024-08,CRUDEOIL,STOCKCH,KTONS,-,3,,stock_change_mt,2024-08-01,https://www.jodidata.org/_resources/files/downloads/oil-data/annual-csv/primary/2024.csv,2026-10-08T10:38:28.315255+00:00,,million_tonnes,;not_assessed;historical_publication_date_unknown
CN,2024-08,CRUDEOIL,TOTEXPSB,KTONS,540.0000,3,0.54,exports_mt,2024-08-01,https://www.jodidata.org/_resources/files/downloads/oil-data/annual-csv/primary/2024.csv,2026-10-08T10:38:28.315255+00:00,,million_tonnes,;not_assessed;historical_publication_date_unknown
CN,2024-08,CRUDEOIL,TOTIMPSB,KTONS,49103.0000,3,49.103,imports_mt,2024-08-01,https://www.jodidata.org/_resources/files/downloads/oil-data/annual-csv/primary/2024.csv,2026-10-08T10:38:28.315255+00:00,,million_tonnes,;not_assessed;historical_publication_date_unknown
CN,2024-09,CRUDEOIL,CLOSTLV,KTONS,-,3,,closing_stocks_mt,2024-09-01,https://www.jodidata.org/_resources/files/downloads/oil-data/annual-csv/primary/2024.csv,2026-10-08T10:38:28.315255+00:00,,million_tonnes,;not_assessed;historical_publication_date_unknown
CN,2024-09,CRUDEOIL,INDPROD,KTONS,17071.0000,3,17.071,production_mt,2024-09-01,https://www.jodidata.org/_resources/files/downloads/oil-data/annual-csv/primary/2024.csv,2026-10-08T10:38:28.315255+00:00,,million_tonnes,;not_assessed;historical_publication_date_unknown
CN,2024-09,CRUDEOIL,REFINOBS,KTONS,62316.0000,3,62.316,calculated_intake_mt,2024-09-01,https://www.jodidata.org/_resources/files/downloads/oil-data/annual-csv/primary/2024.csv,2026-10-08T10:38:28.315255+00:00,,million_tonnes,;supply_derived_excluded_from_model;not_assessed;historical_publication_date_unknown
CN,2024-09,CRUDEOIL,STOCKCH,KTONS,-,3,,stock_change_mt,2024-09-01,https://www.jodidata.org/_resources/files/downloads/oil-data/annual-csv/primary/2024.csv,2026-10-08T10:38:28.315255+00:00,,million_tonnes,;not_assessed;historical_publication_date_unknown
CN,2024-09,CRUDEOIL,TOTEXPSB,KTONS,243.0000,3,0.243,exports_mt,2024-09-01,https://www.jodidata.org/_resources/files/downloads/oil-data/annual-csv/primary/2024.csv,2026-10-08T10:38:28.315255+00:00,,million_tonnes,;not_assessed;historical_publication_date_unknown
CN,2024-09,CRUDEOIL,TOTIMPSB,KTONS,45488.0000,3,45.488,imports_mt,2024-09-01,https://www.jodidata.org/_resources/files/downloads/oil-data/annual-csv/primary/2024.csv,2026-10-08T10:38:28.315255+00:00,,million_tonnes,;not_assessed;historical_publication_date_unknown
CN,2024-10,CRUDEOIL,CLOSTLV,KTONS,-,3,,closing_stocks_mt,2024-10-01,https://www.jodidata.org/_resources/files/downloads/oil-data/annual-csv/primary/2024.csv,2026-10-08T10:38:28.315255+00:00,,million_tonnes,;not_assessed;historical_publication_date_unknown
CN,2024-10,CRUDEOIL,INDPROD,KTONS,17768.0000,3,17.768,production_mt,2024-10-01,https://www.jodidata.org/_resources/files/downloads/oil-data/annual-csv/primary/2024.csv,2026-10-08T10:38:28.315255+00:00,,million_tonnes,;not_assessed;historical_publication_date_unknown
CN,2024-10,CRUDEOIL,REFINOBS,KTONS,62266.0000,3,62.266,calculated_intake_mt,2024-10-01,https://www.jodidata.org/_resources/files/downloads/oil-data/annual-csv/primary/2024.csv,2026-10-08T10:38:28.315255+00:00,,million_tonnes,;supply_derived_excluded_from_model;not_assessed;historical_publication_date_unknown
CN,2024-10,CRUDEOIL,STOCKCH,KTONS,-,3,,stock_change_mt,2024-10-01,https://www.jodidata.org/_resources/files/downloads/oil-data/annual-csv/primary/2024.csv,2026-10-08T10:38:28.315255+00:00,,million_tonnes,;not_assessed;historical_publication_date_unknown
CN,2024-10,CRUDEOIL,TOTEXPSB,KTONS,198.0000,3,0.198,exports_mt,2024-10-01,https://www.jodidata.org/_resources/files/downloads/oil-data/annual-csv/primary/2024.csv,2026-10-08T10:38:28.315255+00:00,,million_tonnes,;not_assessed;historical_publication_date_unknown
CN,2024-10,CRUDEOIL,TOTIMPSB,KTONS,44696.0000,3,44.696,imports_mt,2024-10-01,https://www.jodidata.org/_resources/files/downloads/oil-data/annual-csv/primary/2024.csv,2026-10-08T10:38:28.315255+00:00,,million_tonnes,;not_assessed;historical_publication_date_unknown
CN,2024-11,CRUDEOIL,CLOSTLV,KTONS,-,3,,closing_stocks_mt,2024-11-01,https://www.jodidata.org/_resources/files/downloads/oil-data/annual-csv/primary/2024.csv,2026-10-08T10:38:28.315255+00:00,,million_tonnes,;not_assessed;historical_publication_date_unknown
CN,2024-11,CRUDEOIL,INDPROD,KTONS,17248.0000,3,17.248,production_mt,2024-11-01,https://www.jodidata.org/_resources/files/downloads/oil-data/annual-csv/primary/2024.csv,2026-10-08T10:38:28.315255+00:00,,million_tonnes,;not_assessed;historical_publication_date_unknown
CN,2024-11,CRUDEOIL,REFINOBS,KTONS,65518.0000,3,65.518,calculated_intake_mt,2024-11-01,https://www.jodidata.org/_resources/files/downloads/oil-data/annual-csv/primary/2024.csv,2026-10-08T10:38:28.315255+00:00,,million_tonnes,;supply_derived_excluded_from_model;not_assessed;historical_publication_date_unknown
CN,2024-11,CRUDEOIL,STOCKCH,KTONS,-,3,,stock_change_mt,2024-11-01,https://www.jodidata.org/_resources/files/downloads/oil-data/annual-csv/primary/2024.csv,2026-10-08T10:38:28.315255+00:00,,million_tonnes,;not_assessed;historical_publication_date_unknown
CN,2024-11,CRUDEOIL,TOTEXPSB,KTONS,252.0000,3,0.252,exports_mt,2024-11-01,https://www.jodidata.org/_resources/files/downloads/oil-data/annual-csv/primary/2024.csv,2026-10-08T10:38:28.315255+00:00,,million_tonnes,;not_assessed;historical_publication_date_unknown
CN,2024-11,CRUDEOIL,TOTIMPSB,KTONS,48521.0000,3,48.521,imports_mt,2024-11-01,https://www.jodidata.org/_resources/files/downloads/oil-data/annual-csv/primary/2024.csv,2026-10-08T10:38:28.315255+00:00,,million_tonnes,;not_assessed;historical_publication_date_unknown
CN,2024-12,CRUDEOIL,CLOSTLV,KTONS,-,3,,closing_stocks_mt,2024-12-01,https://www.jodidata.org/_resources/files/downloads/oil-data/annual-csv/primary/2024.csv,2026-10-08T10:38:28.315255+00:00,,million_tonnes,;not_assessed;historical_publication_date_unknown
CN,2024-12,CRUDEOIL,INDPROD,KTONS,17902.0000,3,17.902,production_mt,2024-12-01,https://www.jodidata.org/_resources/files/downloads/oil-data/annual-csv/primary/2024.csv,2026-10-08T10:38:28.315255+00:00,,million_tonnes,;not_assessed;historical_publication_date_unknown
CN,2024-12,CRUDEOIL,REFINOBS,KTONS,65326.0000,3,65.326,calculated_intake_mt,2024-12-01,https://www.jodidata.org/_resources/files/downloads/oil-data/annual-csv/primary/2024.csv,2026-10-08T10:38:28.315255+00:00,,million_tonnes,;supply_derived_excluded_from_model;not_assessed;historical_publication_date_unknown
CN,2024-12,CRUDEOIL,STOCKCH,KTONS,-,3,,stock_change_mt,2024-12-01,https://www.jodidata.org/_resources/files/downloads/oil-data/annual-csv/primary/2024.csv,2026-10-08T10:38:28.315255+00:00,,million_tonnes,;not_assessed;historical_publication_date_unknown
CN,2024-12,CRUDEOIL,TOTEXPSB,KTONS,417.0000,3,0.417,exports_mt,2024-12-01,https://www.jodidata.org/_resources/files/downloads/oil-data/annual-csv/primary/2024.csv,2026-10-08T10:38:28.315255+00:00,,million_tonnes,;not_assessed;historical_publication_date_unknown
CN,2024-12,CRUDEOIL,TOTIMPSB,KTONS,47841.0000,3,47.841,imports_mt,2024-12-01,https://www.jodidata.org/_resources/files/downloads/oil-data/annual-csv/primary/2024.csv,2026-10-08T10:38:28.315255+00:00,,million_tonnes,;not_assessed;historical_publication_date_unknown
CN,2025-01,CRUDEOIL,CLOSTLV,KTONS,-,3,,closing_stocks_mt,2025-01-01,https://www.jodidata.org/_resources/files/downloads/oil-data/annual-csv/primary/2025.csv,2026-10-08T10:38:34.887575+00:00,,million_tonnes,jan_feb_calendar_disaggregated;not_assessed;historical_publication_date_unknown
CN,2025-01,CRUDEOIL,INDPROD,KTONS,18369.0000,3,18.369,production_mt,2025-01-01,https://www.jodidata.org/_resources/files/downloads/oil-data/annual-csv/primary/2025.csv,2026-10-08T10:38:34.887575+00:00,,million_tonnes,jan_feb_calendar_disaggregated;not_assessed;historical_publication_date_unknown
CN,2025-01,CRUDEOIL,REFINOBS,KTONS,61662.0000,3,61.662,calculated_intake_mt,2025-01-01,https://www.jodidata.org/_resources/files/downloads/oil-data/annual-csv/primary/2025.csv,2026-10-08T10:38:34.887575+00:00,,million_tonnes,jan_feb_calendar_disaggregated;supply_derived_excluded_from_model;not_assessed;historical_publication_date_unknown
CN,2025-01,CRUDEOIL,STOCKCH,KTONS,-,3,,stock_change_mt,2025-01-01,https://www.jodidata.org/_resources/files/downloads/oil-data/annual-csv/primary/2025.csv,2026-10-08T10:38:34.887575+00:00,,million_tonnes,jan_feb_calendar_disaggregated;not_assessed;historical_publication_date_unknown
CN,2025-01,CRUDEOIL,TOTEXPSB,KTONS,669.0000,3,0.669,exports_mt,2025-01-01,https://www.jodidata.org/_resources/files/downloads/oil-data/annual-csv/primary/2025.csv,2026-10-08T10:38:34.887575+00:00,,million_tonnes,jan_feb_calendar_disaggregated;not_assessed;historical_publication_date_unknown
CN,2025-01,CRUDEOIL,TOTIMPSB,KTONS,43963.0000,3,43.963,imports_mt,2025-01-01,https://www.jodidata.org/_resources/files/downloads/oil-data/annual-csv/primary/2025.csv,2026-10-08T10:38:34.887575+00:00,,million_tonnes,jan_feb_calendar_disaggregated;not_assessed;historical_publication_date_unknown
CN,2025-02,CRUDEOIL,CLOSTLV,KTONS,-,3,,closing_stocks_mt,2025-02-01,https://www.jodidata.org/_resources/files/downloads/oil-data/annual-csv/primary/2025.csv,2026-10-08T10:38:34.887575+00:00,,million_tonnes,jan_feb_calendar_disaggregated;not_assessed;historical_publication_date_unknown
CN,2025-02,CRUDEOIL,INDPROD,KTONS,16669.0000,3,16.669,production_mt,2025-02-01,https://www.jodidata.org/_resources/files/downloads/oil-data/annual-csv/primary/2025.csv,2026-10-08T10:38:34.887575+00:00,,million_tonnes,jan_feb_calendar_disaggregated;not_assessed;historical_publication_date_unknown
CN,2025-02,CRUDEOIL,REFINOBS,KTONS,55953.0000,3,55.953,calculated_intake_mt,2025-02-01,https://www.jodidata.org/_resources/files/downloads/oil-data/annual-csv/primary/2025.csv,2026-10-08T10:38:34.887575+00:00,,million_tonnes,jan_feb_calendar_disaggregated;supply_derived_excluded_from_model;not_assessed;historical_publication_date_unknown
CN,2025-02,CRUDEOIL,STOCKCH,KTONS,-,3,,stock_change_mt,2025-02-01,https://www.jodidata.org/_resources/files/downloads/oil-data/annual-csv/primary/2025.csv,2026-10-08T10:38:34.887575+00:00,,million_tonnes,jan_feb_calendar_disaggregated;not_assessed;historical_publication_date_unknown
CN,2025-02,CRUDEOIL,TOTEXPSB,KTONS,607.0000,3,0.607,exports_mt,2025-02-01,https://www.jodidata.org/_resources/files/downloads/oil-data/annual-csv/primary/2025.csv,2026-10-08T10:38:34.887575+00:00,,million_tonnes,jan_feb_calendar_disaggregated;not_assessed;historical_publication_date_unknown
CN,2025-02,CRUDEOIL,TOTIMPSB,KTONS,39892.0000,3,39.892,imports_mt,2025-02-01,https://www.jodidata.org/_resources/files/downloads/oil-data/annual-csv/primary/2025.csv,2026-10-08T10:38:34.887575+00:00,,million_tonnes,jan_feb_calendar_disaggregated;not_assessed;historical_publication_date_unknown
CN,2025-03,CRUDEOIL,CLOSTLV,KTONS,-,3,,closing_stocks_mt,2025-03-01,https://www.jodidata.org/_resources/files/downloads/oil-data/annual-csv/primary/2025.csv,2026-10-08T10:38:34.887575+00:00,,million_tonnes,;not_assessed;historical_publication_date_unknown
CN,2025-03,CRUDEOIL,INDPROD,KTONS,19025.0000,3,19.025,production_mt,2025-03-01,https://www.jodidata.org/_resources/files/downloads/oil-data/annual-csv/primary/2025.csv,2026-10-08T10:38:34.887575+00:00,,million_tonnes,;not_assessed;historical_publication_date_unknown
CN,2025-03,CRUDEOIL,REFINOBS,KTONS,69748.0000,3,69.748,calculated_intake_mt,2025-03-01,https://www.jodidata.org/_resources/files/downloads/oil-data/annual-csv/primary/2025.csv,2026-10-08T10:38:34.887575+00:00,,million_tonnes,;supply_derived_excluded_from_model;not_assessed;historical_publication_date_unknown
CN,2025-03,CRUDEOIL,STOCKCH,KTONS,-,3,,stock_change_mt,2025-03-01,https://www.jodidata.org/_resources/files/downloads/oil-data/annual-csv/primary/2025.csv,2026-10-08T10:38:34.887575+00:00,,million_tonnes,;not_assessed;historical_publication_date_unknown
CN,2025-03,CRUDEOIL,TOTEXPSB,KTONS,409.0000,3,0.409,exports_mt,2025-03-01,https://www.jodidata.org/_resources/files/downloads/oil-data/annual-csv/primary/2025.csv,2026-10-08T10:38:34.887575+00:00,,million_tonnes,;not_assessed;historical_publication_date_unknown
CN,2025-03,CRUDEOIL,TOTIMPSB,KTONS,51133.0000,3,51.133,imports_mt,2025-03-01,https://www.jodidata.org/_resources/files/downloads/oil-data/annual-csv/primary/2025.csv,2026-10-08T10:38:34.887575+00:00,,million_tonnes,;not_assessed;historical_publication_date_unknown
CN,2025-04,CRUDEOIL,CLOSTLV,KTONS,-,3,,closing_stocks_mt,2025-04-01,https://www.jodidata.org/_resources/files/downloads/oil-data/annual-csv/primary/2025.csv,2026-10-08T10:38:34.887575+00:00,,million_tonnes,;not_assessed;historical_publication_date_unknown
CN,2025-04,CRUDEOIL,INDPROD,KTONS,17724.0000,3,17.724,production_mt,2025-04-01,https://www.jodidata.org/_resources/files/downloads/oil-data/annual-csv/primary/2025.csv,2026-10-08T10:38:34.887575+00:00,,million_tonnes,;not_assessed;historical_publication_date_unknown
CN,2025-04,CRUDEOIL,REFINOBS,KTONS,65575.0000,3,65.575,calculated_intake_mt,2025-04-01,https://www.jodidata.org/_resources/files/downloads/oil-data/annual-csv/primary/2025.csv,2026-10-08T10:38:34.887575+00:00,,million_tonnes,;supply_derived_excluded_from_model;not_assessed;historical_publication_date_unknown
CN,2025-04,CRUDEOIL,STOCKCH,KTONS,-,3,,stock_change_mt,2025-04-01,https://www.jodidata.org/_resources/files/downloads/oil-data/annual-csv/primary/2025.csv,2026-10-08T10:38:34.887575+00:00,,million_tonnes,;not_assessed;historical_publication_date_unknown
CN,2025-04,CRUDEOIL,TOTEXPSB,KTONS,201.0000,3,0.201,exports_mt,2025-04-01,https://www.jodidata.org/_resources/files/downloads/oil-data/annual-csv/primary/2025.csv,2026-10-08T10:38:34.887575+00:00,,million_tonnes,;not_assessed;historical_publication_date_unknown
CN,2025-04,CRUDEOIL,TOTIMPSB,KTONS,48051.0000,3,48.051,imports_mt,2025-04-01,https://www.jodidata.org/_resources/files/downloads/oil-data/annual-csv/primary/2025.csv,2026-10-08T10:38:34.887575+00:00,,million_tonnes,;not_assessed;historical_publication_date_unknown
CN,2025-05,CRUDEOIL,CLOSTLV,KTONS,-,3,,closing_stocks_mt,2025-05-01,https://www.jodidata.org/_resources/files/downloads/oil-data/annual-csv/primary/2025.csv,2026-10-08T10:38:34.887575+00:00,,million_tonnes,;not_assessed;historical_publication_date_unknown
CN,2025-05,CRUDEOIL,INDPROD,KTONS,18469.0000,3,18.469,production_mt,2025-05-01,https://www.jodidata.org/_resources/files/downloads/oil-data/annual-csv/primary/2025.csv,2026-10-08T10:38:34.887575+00:00,,million_tonnes,;not_assessed;historical_publication_date_unknown
CN,2025-05,CRUDEOIL,REFINOBS,KTONS,64892.0000,3,64.892,calculated_intake_mt,2025-05-01,https://www.jodidata.org/_resources/files/downloads/oil-data/annual-csv/primary/2025.csv,2026-10-08T10:38:34.887575+00:00,,million_tonnes,;supply_derived_excluded_from_model;not_assessed;historical_publication_date_unknown
CN,2025-05,CRUDEOIL,STOCKCH,KTONS,-,3,,stock_change_mt,2025-05-01,https://www.jodidata.org/_resources/files/downloads/oil-data/annual-csv/primary/2025.csv,2026-10-08T10:38:34.887575+00:00,,million_tonnes,;not_assessed;historical_publication_date_unknown
CN,2025-05,CRUDEOIL,TOTEXPSB,KTONS,177.0000,3,0.177,exports_mt,2025-05-01,https://www.jodidata.org/_resources/files/downloads/oil-data/annual-csv/primary/2025.csv,2026-10-08T10:38:34.887575+00:00,,million_tonnes,;not_assessed;historical_publication_date_unknown
CN,2025-05,CRUDEOIL,TOTIMPSB,KTONS,46600.0000,3,46.6,imports_mt,2025-05-01,https://www.jodidata.org/_resources/files/downloads/oil-data/annual-csv/primary/2025.csv,2026-10-08T10:38:34.887575+00:00,,million_tonnes,;not_assessed;historical_publication_date_unknown
CN,2025-06,CRUDEOIL,CLOSTLV,KTONS,-,3,,closing_stocks_mt,2025-06-01,https://www.jodidata.org/_resources/files/downloads/oil-data/annual-csv/primary/2025.csv,2026-10-08T10:38:34.887575+00:00,,million_tonnes,;not_assessed;historical_publication_date_unknown
CN,2025-06,CRUDEOIL,INDPROD,KTONS,18198.0000,3,18.198,production_mt,2025-06-01,https://www.jodidata.org/_resources/files/downloads/oil-data/annual-csv/primary/2025.csv,2026-10-08T10:38:34.887575+00:00,,million_tonnes,;not_assessed;historical_publication_date_unknown
CN,2025-06,CRUDEOIL,REFINOBS,KTONS,66823.0000,3,66.823,calculated_intake_mt,2025-06-01,https://www.jodidata.org/_resources/files/downloads/oil-data/annual-csv/primary/2025.csv,2026-10-08T10:38:34.887575+00:00,,million_tonnes,;supply_derived_excluded_from_model;not_assessed;historical_publication_date_unknown
CN,2025-06,CRUDEOIL,STOCKCH,KTONS,-,3,,stock_change_mt,2025-06-01,https://www.jodidata.org/_resources/files/downloads/oil-data/annual-csv/primary/2025.csv,2026-10-08T10:38:34.887575+00:00,,million_tonnes,;not_assessed;historical_publication_date_unknown
CN,2025-06,CRUDEOIL,TOTEXPSB,KTONS,1258.0000,3,1.258,exports_mt,2025-06-01,https://www.jodidata.org/_resources/files/downloads/oil-data/annual-csv/primary/2025.csv,2026-10-08T10:38:34.887575+00:00,,million_tonnes,;not_assessed;historical_publication_date_unknown
CN,2025-06,CRUDEOIL,TOTIMPSB,KTONS,49883.0000,3,49.883,imports_mt,2025-06-01,https://www.jodidata.org/_resources/files/downloads/oil-data/annual-csv/primary/2025.csv,2026-10-08T10:38:34.887575+00:00,,million_tonnes,;not_assessed;historical_publication_date_unknown
CN,2025-07,CRUDEOIL,CLOSTLV,KTONS,-,3,,closing_stocks_mt,2025-07-01,https://www.jodidata.org/_resources/files/downloads/oil-data/annual-csv/primary/2025.csv,2026-10-08T10:38:34.887575+00:00,,million_tonnes,;not_assessed;historical_publication_date_unknown
CN,2025-07,CRUDEOIL,INDPROD,KTONS,18124.0000,3,18.124,production_mt,2025-07-01,https://www.jodidata.org/_resources/files/downloads/oil-data/annual-csv/primary/2025.csv,2026-10-08T10:38:34.887575+00:00,,million_tonnes,;not_assessed;historical_publication_date_unknown
CN,2025-07,CRUDEOIL,REFINOBS,KTONS,65006.0000,3,65.006,calculated_intake_mt,2025-07-01,https://www.jodidata.org/_resources/files/downloads/oil-data/annual-csv/primary/2025.csv,2026-10-08T10:38:34.887575+00:00,,million_tonnes,;supply_derived_excluded_from_model;not_assessed;historical_publication_date_unknown
CN,2025-07,CRUDEOIL,STOCKCH,KTONS,-,3,,stock_change_mt,2025-07-01,https://www.jodidata.org/_resources/files/downloads/oil-data/annual-csv/primary/2025.csv,2026-10-08T10:38:34.887575+00:00,,million_tonnes,;not_assessed;historical_publication_date_unknown
CN,2025-07,CRUDEOIL,TOTEXPSB,KTONS,319.0000,3,0.319,exports_mt,2025-07-01,https://www.jodidata.org/_resources/files/downloads/oil-data/annual-csv/primary/2025.csv,2026-10-08T10:38:34.887575+00:00,,million_tonnes,;not_assessed;historical_publication_date_unknown
CN,2025-07,CRUDEOIL,TOTIMPSB,KTONS,47201.0000,3,47.201,imports_mt,2025-07-01,https://www.jodidata.org/_resources/files/downloads/oil-data/annual-csv/primary/2025.csv,2026-10-08T10:38:34.887575+00:00,,million_tonnes,;not_assessed;historical_publication_date_unknown
CN,2025-08,CRUDEOIL,CLOSTLV,KTONS,-,3,,closing_stocks_mt,2025-08-01,https://www.jodidata.org/_resources/files/downloads/oil-data/annual-csv/primary/2025.csv,2026-10-08T10:38:34.887575+00:00,,million_tonnes,;not_assessed;historical_publication_date_unknown
CN,2025-08,CRUDEOIL,INDPROD,KTONS,18256.0000,3,18.256,production_mt,2025-08-01,https://www.jodidata.org/_resources/files/downloads/oil-data/annual-csv/primary/2025.csv,2026-10-08T10:38:34.887575+00:00,,million_tonnes,;not_assessed;historical_publication_date_unknown
CN,2025-08,CRUDEOIL,REFINOBS,KTONS,67589.0000,3,67.589,calculated_intake_mt,2025-08-01,https://www.jodidata.org/_resources/files/downloads/oil-data/annual-csv/primary/2025.csv,2026-10-08T10:38:34.887575+00:00,,million_tonnes,;supply_derived_excluded_from_model;not_assessed;historical_publication_date_unknown
CN,2025-08,CRUDEOIL,STOCKCH,KTONS,-,3,,stock_change_mt,2025-08-01,https://www.jodidata.org/_resources/files/downloads/oil-data/annual-csv/primary/2025.csv,2026-10-08T10:38:34.887575+00:00,,million_tonnes,;not_assessed;historical_publication_date_unknown
CN,2025-08,CRUDEOIL,TOTEXPSB,KTONS,159.0000,3,0.159,exports_mt,2025-08-01,https://www.jodidata.org/_resources/files/downloads/oil-data/annual-csv/primary/2025.csv,2026-10-08T10:38:34.887575+00:00,,million_tonnes,;not_assessed;historical_publication_date_unknown
CN,2025-08,CRUDEOIL,TOTIMPSB,KTONS,49492.0000,3,49.492,imports_mt,2025-08-01,https://www.jodidata.org/_resources/files/downloads/oil-data/annual-csv/primary/2025.csv,2026-10-08T10:38:34.887575+00:00,,million_tonnes,;not_assessed;historical_publication_date_unknown
CN,2025-09,CRUDEOIL,CLOSTLV,KTONS,-,3,,closing_stocks_mt,2025-09-01,https://www.jodidata.org/_resources/files/downloads/oil-data/annual-csv/primary/2025.csv,2026-10-08T10:38:34.887575+00:00,,million_tonnes,;not_assessed;historical_publication_date_unknown
CN,2025-09,CRUDEOIL,INDPROD,KTONS,17775.0000,3,17.775,production_mt,2025-09-01,https://www.jodidata.org/_resources/files/downloads/oil-data/annual-csv/primary/2025.csv,2026-10-08T10:38:34.887575+00:00,,million_tonnes,;not_assessed;historical_publication_date_unknown
CN,2025-09,CRUDEOIL,REFINOBS,KTONS,64540.0000,3,64.54,calculated_intake_mt,2025-09-01,https://www.jodidata.org/_resources/files/downloads/oil-data/annual-csv/primary/2025.csv,2026-10-08T10:38:34.887575+00:00,,million_tonnes,;supply_derived_excluded_from_model;not_assessed;historical_publication_date_unknown
CN,2025-09,CRUDEOIL,STOCKCH,KTONS,-,3,,stock_change_mt,2025-09-01,https://www.jodidata.org/_resources/files/downloads/oil-data/annual-csv/primary/2025.csv,2026-10-08T10:38:34.887575+00:00,,million_tonnes,;not_assessed;historical_publication_date_unknown
CN,2025-09,CRUDEOIL,TOTEXPSB,KTONS,148.0000,3,0.148,exports_mt,2025-09-01,https://www.jodidata.org/_resources/files/downloads/oil-data/annual-csv/primary/2025.csv,2026-10-08T10:38:34.887575+00:00,,million_tonnes,;not_assessed;historical_publication_date_unknown
CN,2025-09,CRUDEOIL,TOTIMPSB,KTONS,46914.0000,3,46.914,imports_mt,2025-09-01,https://www.jodidata.org/_resources/files/downloads/oil-data/annual-csv/primary/2025.csv,2026-10-08T10:38:34.887575+00:00,,million_tonnes,;not_assessed;historical_publication_date_unknown
CN,2025-10,CRUDEOIL,CLOSTLV,KTONS,-,3,,closing_stocks_mt,2025-10-01,https://www.jodidata.org/_resources/files/downloads/oil-data/annual-csv/primary/2025.csv,2026-10-08T10:38:34.887575+00:00,,million_tonnes,;not_assessed;historical_publication_date_unknown
CN,2025-10,CRUDEOIL,INDPROD,KTONS,18005.0000,3,18.005,production_mt,2025-10-01,https://www.jodidata.org/_resources/files/downloads/oil-data/annual-csv/primary/2025.csv,2026-10-08T10:38:34.887575+00:00,,million_tonnes,;not_assessed;historical_publication_date_unknown
CN,2025-10,CRUDEOIL,REFINOBS,KTONS,66190.0000,3,66.19,calculated_intake_mt,2025-10-01,https://www.jodidata.org/_resources/files/downloads/oil-data/annual-csv/primary/2025.csv,2026-10-08T10:38:34.887575+00:00,,million_tonnes,;supply_derived_excluded_from_model;not_assessed;historical_publication_date_unknown
CN,2025-10,CRUDEOIL,STOCKCH,KTONS,-,3,,stock_change_mt,2025-10-01,https://www.jodidata.org/_resources/files/downloads/oil-data/annual-csv/primary/2025.csv,2026-10-08T10:38:34.887575+00:00,,million_tonnes,;not_assessed;historical_publication_date_unknown
CN,2025-10,CRUDEOIL,TOTEXPSB,KTONS,172.0000,3,0.172,exports_mt,2025-10-01,https://www.jodidata.org/_resources/files/downloads/oil-data/annual-csv/primary/2025.csv,2026-10-08T10:38:34.887575+00:00,,million_tonnes,;not_assessed;historical_publication_date_unknown
CN,2025-10,CRUDEOIL,TOTIMPSB,KTONS,48357.0000,3,48.357,imports_mt,2025-10-01,https://www.jodidata.org/_resources/files/downloads/oil-data/annual-csv/primary/2025.csv,2026-10-08T10:38:34.887575+00:00,,million_tonnes,;not_assessed;historical_publication_date_unknown
CN,2025-11,CRUDEOIL,CLOSTLV,KTONS,-,3,,closing_stocks_mt,2025-11-01,https://www.jodidata.org/_resources/files/downloads/oil-data/annual-csv/primary/2025.csv,2026-10-08T10:38:34.887575+00:00,,million_tonnes,;not_assessed;historical_publication_date_unknown
CN,2025-11,CRUDEOIL,INDPROD,KTONS,17627.0000,3,17.627,production_mt,2025-11-01,https://www.jodidata.org/_resources/files/downloads/oil-data/annual-csv/primary/2025.csv,2026-10-08T10:38:34.887575+00:00,,million_tonnes,;not_assessed;historical_publication_date_unknown
CN,2025-11,CRUDEOIL,REFINOBS,KTONS,68438.0000,3,68.438,calculated_intake_mt,2025-11-01,https://www.jodidata.org/_resources/files/downloads/oil-data/annual-csv/primary/2025.csv,2026-10-08T10:38:34.887575+00:00,,million_tonnes,;supply_derived_excluded_from_model;not_assessed;historical_publication_date_unknown
CN,2025-11,CRUDEOIL,STOCKCH,KTONS,-,3,,stock_change_mt,2025-11-01,https://www.jodidata.org/_resources/files/downloads/oil-data/annual-csv/primary/2025.csv,2026-10-08T10:38:34.887575+00:00,,million_tonnes,;not_assessed;historical_publication_date_unknown
CN,2025-11,CRUDEOIL,TOTEXPSB,KTONS,79.0000,3,0.079,exports_mt,2025-11-01,https://www.jodidata.org/_resources/files/downloads/oil-data/annual-csv/primary/2025.csv,2026-10-08T10:38:34.887575+00:00,,million_tonnes,;not_assessed;historical_publication_date_unknown
CN,2025-11,CRUDEOIL,TOTIMPSB,KTONS,50891.0000,3,50.891,imports_mt,2025-11-01,https://www.jodidata.org/_resources/files/downloads/oil-data/annual-csv/primary/2025.csv,2026-10-08T10:38:34.887575+00:00,,million_tonnes,;not_assessed;historical_publication_date_unknown
CN,2025-12,CRUDEOIL,CLOSTLV,KTONS,-,3,,closing_stocks_mt,2025-12-01,https://www.jodidata.org/_resources/files/downloads/oil-data/annual-csv/primary/2025.csv,2026-10-08T10:38:34.887575+00:00,,million_tonnes,;not_assessed;historical_publication_date_unknown
CN,2025-12,CRUDEOIL,INDPROD,KTONS,17795.0000,3,17.795,production_mt,2025-12-01,https://www.jodidata.org/_resources/files/downloads/oil-data/annual-csv/primary/2025.csv,2026-10-08T10:38:34.887575+00:00,,million_tonnes,;not_assessed;historical_publication_date_unknown
CN,2025-12,CRUDEOIL,REFINOBS,KTONS,73678.0000,3,73.678,calculated_intake_mt,2025-12-01,https://www.jodidata.org/_resources/files/downloads/oil-data/annual-csv/primary/2025.csv,2026-10-08T10:38:34.887575+00:00,,million_tonnes,;supply_derived_excluded_from_model;not_assessed;historical_publication_date_unknown
CN,2025-12,CRUDEOIL,STOCKCH,KTONS,-,3,,stock_change_mt,2025-12-01,https://www.jodidata.org/_resources/files/downloads/oil-data/annual-csv/primary/2025.csv,2026-10-08T10:38:34.887575+00:00,,million_tonnes,;not_assessed;historical_publication_date_unknown
CN,2025-12,CRUDEOIL,TOTEXPSB,KTONS,79.0000,3,0.079,exports_mt,2025-12-01,https://www.jodidata.org/_resources/files/downloads/oil-data/annual-csv/primary/2025.csv,2026-10-08T10:38:34.887575+00:00,,million_tonnes,;not_assessed;historical_publication_date_unknown
CN,2025-12,CRUDEOIL,TOTIMPSB,KTONS,55963.0000,3,55.963,imports_mt,2025-12-01,https://www.jodidata.org/_resources/files/downloads/oil-data/annual-csv/primary/2025.csv,2026-10-08T10:38:34.887575+00:00,,million_tonnes,;not_assessed;historical_publication_date_unknown
CN,2026-01,CRUDEOIL,CLOSTLV,KTONS,-,3,,closing_stocks_mt,2026-01-01,https://www.jodidata.org/_resources/files/downloads/oil-data/annual-csv/primary/primaryyear2026.csv,2026-10-08T10:38:40.381505+00:00,,million_tonnes,jan_feb_calendar_disaggregated;not_assessed;historical_publication_date_unknown
CN,2026-01,CRUDEOIL,INDPROD,KTONS,18752.0000,3,18.752,production_mt,2026-01-01,https://www.jodidata.org/_resources/files/downloads/oil-data/annual-csv/primary/primaryyear2026.csv,2026-10-08T10:38:40.381505+00:00,,million_tonnes,jan_feb_calendar_disaggregated;not_assessed;historical_publication_date_unknown
CN,2026-01,CRUDEOIL,REFINOBS,KTONS,69515.0000,3,69.515,calculated_intake_mt,2026-01-01,https://www.jodidata.org/_resources/files/downloads/oil-data/annual-csv/primary/primaryyear2026.csv,2026-10-08T10:38:40.381505+00:00,,million_tonnes,jan_feb_calendar_disaggregated;supply_derived_excluded_from_model;not_assessed;historical_publication_date_unknown
CN,2026-01,CRUDEOIL,STOCKCH,KTONS,0.0000,3,0.0,stock_change_mt,2026-01-01,https://www.jodidata.org/_resources/files/downloads/oil-data/annual-csv/primary/primaryyear2026.csv,2026-10-08T10:38:40.381505+00:00,,million_tonnes,jan_feb_calendar_disaggregated;not_assessed;historical_publication_date_unknown
CN,2026-01,CRUDEOIL,TOTEXPSB,KTONS,103.0000,3,0.103,exports_mt,2026-01-01,https://www.jodidata.org/_resources/files/downloads/oil-data/annual-csv/primary/primaryyear2026.csv,2026-10-08T10:38:40.381505+00:00,,million_tonnes,jan_feb_calendar_disaggregated;not_assessed;historical_publication_date_unknown
CN,2026-01,CRUDEOIL,TOTIMPSB,KTONS,50866.0000,3,50.866,imports_mt,2026-01-01,https://www.jodidata.org/_resources/files/downloads/oil-data/annual-csv/primary/primaryyear2026.csv,2026-10-08T10:38:40.381505+00:00,,million_tonnes,jan_feb_calendar_disaggregated;not_assessed;historical_publication_date_unknown
CN,2026-02,CRUDEOIL,CLOSTLV,KTONS,-,3,,closing_stocks_mt,2026-02-01,https://www.jodidata.org/_resources/files/downloads/oil-data/annual-csv/primary/primaryyear2026.csv,2026-10-08T10:38:40.381505+00:00,,million_tonnes,jan_feb_calendar_disaggregated;not_assessed;historical_publication_date_unknown
CN,2026-02,CRUDEOIL,INDPROD,KTONS,16982.0000,3,16.982,production_mt,2026-02-01,https://www.jodidata.org/_resources/files/downloads/oil-data/annual-csv/primary/primaryyear2026.csv,2026-10-08T10:38:40.381505+00:00,,million_tonnes,jan_feb_calendar_disaggregated;not_assessed;historical_publication_date_unknown
CN,2026-02,CRUDEOIL,REFINOBS,KTONS,62957.0000,3,62.957,calculated_intake_mt,2026-02-01,https://www.jodidata.org/_resources/files/downloads/oil-data/annual-csv/primary/primaryyear2026.csv,2026-10-08T10:38:40.381505+00:00,,million_tonnes,jan_feb_calendar_disaggregated;supply_derived_excluded_from_model;not_assessed;historical_publication_date_unknown
CN,2026-02,CRUDEOIL,STOCKCH,KTONS,0.0000,3,0.0,stock_change_mt,2026-02-01,https://www.jodidata.org/_resources/files/downloads/oil-data/annual-csv/primary/primaryyear2026.csv,2026-10-08T10:38:40.381505+00:00,,million_tonnes,jan_feb_calendar_disaggregated;not_assessed;historical_publication_date_unknown
CN,2026-02,CRUDEOIL,TOTEXPSB,KTONS,93.0000,3,0.093,exports_mt,2026-02-01,https://www.jodidata.org/_resources/files/downloads/oil-data/annual-csv/primary/primaryyear2026.csv,2026-10-08T10:38:40.381505+00:00,,million_tonnes,jan_feb_calendar_disaggregated;not_assessed;historical_publication_date_unknown
CN,2026-02,CRUDEOIL,TOTIMPSB,KTONS,46068.0000,3,46.068,imports_mt,2026-02-01,https://www.jodidata.org/_resources/files/downloads/oil-data/annual-csv/primary/primaryyear2026.csv,2026-10-08T10:38:40.381505+00:00,,million_tonnes,jan_feb_calendar_disaggregated;not_assessed;historical_publication_date_unknown
CN,2026-03,CRUDEOIL,CLOSTLV,KTONS,-,3,,closing_stocks_mt,2026-03-01,https://www.jodidata.org/_resources/files/downloads/oil-data/annual-csv/primary/primaryyear2026.csv,2026-10-08T10:38:40.381505+00:00,,million_tonnes,;not_assessed;historical_publication_date_unknown
CN,2026-03,CRUDEOIL,INDPROD,KTONS,19067.0000,3,19.067,production_mt,2026-03-01,https://www.jodidata.org/_resources/files/downloads/oil-data/annual-csv/primary/primaryyear2026.csv,2026-10-08T10:38:40.381505+00:00,,million_tonnes,;not_assessed;historical_publication_date_unknown
CN,2026-03,CRUDEOIL,REFINOBS,KTONS,68850.0000,3,68.85,calculated_intake_mt,2026-03-01,https://www.jodidata.org/_resources/files/downloads/oil-data/annual-csv/primary/primaryyear2026.csv,2026-10-08T10:38:40.381505+00:00,,million_tonnes,;supply_derived_excluded_from_model;not_assessed;historical_publication_date_unknown
CN,2026-03,CRUDEOIL,STOCKCH,KTONS,-,3,,stock_change_mt,2026-03-01,https://www.jodidata.org/_resources/files/downloads/oil-data/annual-csv/primary/primaryyear2026.csv,2026-10-08T10:38:40.381505+00:00,,million_tonnes,;not_assessed;historical_publication_date_unknown
CN,2026-03,CRUDEOIL,TOTEXPSB,KTONS,199.0000,3,0.199,exports_mt,2026-03-01,https://www.jodidata.org/_resources/files/downloads/oil-data/annual-csv/primary/primaryyear2026.csv,2026-10-08T10:38:40.381505+00:00,,million_tonnes,;not_assessed;historical_publication_date_unknown
CN,2026-03,CRUDEOIL,TOTIMPSB,KTONS,49982.0000,3,49.982,imports_mt,2026-03-01,https://www.jodidata.org/_resources/files/downloads/oil-data/annual-csv/primary/primaryyear2026.csv,2026-10-08T10:38:40.381505+00:00,,million_tonnes,;not_assessed;historical_publication_date_unknown
CN,2026-04,CRUDEOIL,CLOSTLV,KTONS,-,3,,closing_stocks_mt,2026-04-01,https://www.jodidata.org/_resources/files/downloads/oil-data/annual-csv/primary/primaryyear2026.csv,2026-10-08T10:38:40.381505+00:00,,million_tonnes,;not_assessed;historical_publication_date_unknown
CN,2026-04,CRUDEOIL,INDPROD,KTONS,17943.0000,3,17.943,production_mt,2026-04-01,https://www.jodidata.org/_resources/files/downloads/oil-data/annual-csv/primary/primaryyear2026.csv,2026-10-08T10:38:40.381505+00:00,,million_tonnes,;not_assessed;historical_publication_date_unknown
CN,2026-04,CRUDEOIL,REFINOBS,KTONS,56122.0000,3,56.122,calculated_intake_mt,2026-04-01,https://www.jodidata.org/_resources/files/downloads/oil-data/annual-csv/primary/primaryyear2026.csv,2026-10-08T10:38:40.381505+00:00,,million_tonnes,;supply_derived_excluded_from_model;not_assessed;historical_publication_date_unknown
CN,2026-04,CRUDEOIL,STOCKCH,KTONS,-,3,,stock_change_mt,2026-04-01,https://www.jodidata.org/_resources/files/downloads/oil-data/annual-csv/primary/primaryyear2026.csv,2026-10-08T10:38:40.381505+00:00,,million_tonnes,;not_assessed;historical_publication_date_unknown
CN,2026-04,CRUDEOIL,TOTEXPSB,KTONS,293.0000,3,0.293,exports_mt,2026-04-01,https://www.jodidata.org/_resources/files/downloads/oil-data/annual-csv/primary/primaryyear2026.csv,2026-10-08T10:38:40.381505+00:00,,million_tonnes,;not_assessed;historical_publication_date_unknown
CN,2026-04,CRUDEOIL,TOTIMPSB,KTONS,38471.0000,3,38.471,imports_mt,2026-04-01,https://www.jodidata.org/_resources/files/downloads/oil-data/annual-csv/primary/primaryyear2026.csv,2026-10-08T10:38:40.381505+00:00,,million_tonnes,;not_assessed;historical_publication_date_unknown
CN,2026-05,CRUDEOIL,CLOSTLV,KTONS,-,3,,closing_stocks_mt,2026-05-01,https://www.jodidata.org/_resources/files/downloads/oil-data/annual-csv/primary/primaryyear2026.csv,2026-10-08T10:38:40.381505+00:00,,million_tonnes,;not_assessed;historical_publication_date_unknown
CN,2026-05,CRUDEOIL,INDPROD,KTONS,18568.0000,3,18.568,production_mt,2026-05-01,https://www.jodidata.org/_resources/files/downloads/oil-data/annual-csv/primary/primaryyear2026.csv,2026-10-08T10:38:40.381505+00:00,,million_tonnes,;not_assessed;historical_publication_date_unknown
CN,2026-05,CRUDEOIL,REFINOBS,KTONS,51272.0000,3,51.272,calculated_intake_mt,2026-05-01,https://www.jodidata.org/_resources/files/downloads/oil-data/annual-csv/primary/primaryyear2026.csv,2026-10-08T10:38:40.381505+00:00,,million_tonnes,;supply_derived_excluded_from_model;not_assessed;historical_publication_date_unknown
CN,2026-05,CRUDEOIL,STOCKCH,KTONS,-,3,,stock_change_mt,2026-05-01,https://www.jodidata.org/_resources/files/downloads/oil-data/annual-csv/primary/primaryyear2026.csv,2026-10-08T10:38:40.381505+00:00,,million_tonnes,;not_assessed;historical_publication_date_unknown
CN,2026-05,CRUDEOIL,TOTEXPSB,KTONS,377.0000,3,0.377,exports_mt,2026-05-01,https://www.jodidata.org/_resources/files/downloads/oil-data/annual-csv/primary/primaryyear2026.csv,2026-10-08T10:38:40.381505+00:00,,million_tonnes,;not_assessed;historical_publication_date_unknown
CN,2026-05,CRUDEOIL,TOTIMPSB,KTONS,33081.0000,3,33.081,imports_mt,2026-05-01,https://www.jodidata.org/_resources/files/downloads/oil-data/annual-csv/primary/primaryyear2026.csv,2026-10-08T10:38:40.381505+00:00,,million_tonnes,;not_assessed;historical_publication_date_unknown
CN,2026-06,CRUDEOIL,CLOSTLV,KTONS,-,3,,closing_stocks_mt,2026-06-01,https://www.jodidata.org/_resources/files/downloads/oil-data/annual-csv/primary/primaryyear2026.csv,2026-10-08T10:38:40.381505+00:00,,million_tonnes,;not_assessed;historical_publication_date_unknown
CN,2026-06,CRUDEOIL,INDPROD,KTONS,18117.0000,3,18.117,production_mt,2026-06-01,https://www.jodidata.org/_resources/files/downloads/oil-data/annual-csv/primary/primaryyear2026.csv,2026-10-08T10:38:40.381505+00:00,,million_tonnes,;not_assessed;historical_publication_date_unknown
CN,2026-06,CRUDEOIL,REFINOBS,KTONS,47136.0000,3,47.136,calculated_intake_mt,2026-06-01,https://www.jodidata.org/_resources/files/downloads/oil-data/annual-csv/primary/primaryyear2026.csv,2026-10-08T10:38:40.381505+00:00,,million_tonnes,;supply_derived_excluded_from_model;not_assessed;historical_publication_date_unknown
CN,2026-06,CRUDEOIL,STOCKCH,KTONS,-,3,,stock_change_mt,2026-06-01,https://www.jodidata.org/_resources/files/downloads/oil-data/annual-csv/primary/primaryyear2026.csv,2026-10-08T10:38:40.381505+00:00,,million_tonnes,;not_assessed;historical_publication_date_unknown
CN,2026-06,CRUDEOIL,TOTEXPSB,KTONS,253.0000,3,0.253,exports_mt,2026-06-01,https://www.jodidata.org/_resources/files/downloads/oil-data/annual-csv/primary/primaryyear2026.csv,2026-10-08T10:38:40.381505+00:00,,million_tonnes,;not_assessed;historical_publication_date_unknown
CN,2026-06,CRUDEOIL,TOTIMPSB,KTONS,29272.0000,3,29.272,imports_mt,2026-06-01,https://www.jodidata.org/_resources/files/downloads/oil-data/annual-csv/primary/primaryyear2026.csv,2026-10-08T10:38:40.381505+00:00,,million_tonnes,;not_assessed;historical_publication_date_unknown
CN,2026-07,CRUDEOIL,CLOSTLV,KTONS,-,3,,closing_stocks_mt,2026-07-01,https://www.jodidata.org/_resources/files/downloads/oil-data/annual-csv/primary/primaryyear2026.csv,2026-10-08T10:38:40.381505+00:00,,million_tonnes,;not_assessed;historical_publication_date_unknown
CN,2026-07,CRUDEOIL,INDPROD,KTONS,18266.0000,3,18.266,production_mt,2026-07-01,https://www.jodidata.org/_resources/files/downloads/oil-data/annual-csv/primary/primaryyear2026.csv,2026-10-08T10:38:40.381505+00:00,,million_tonnes,;not_assessed;historical_publication_date_unknown
CN,2026-07,CRUDEOIL,REFINOBS,KTONS,53749.0000,3,53.749,calculated_intake_mt,2026-07-01,https://www.jodidata.org/_resources/files/downloads/oil-data/annual-csv/primary/primaryyear2026.csv,2026-10-08T10:38:40.381505+00:00,,million_tonnes,;supply_derived_excluded_from_model;not_assessed;historical_publication_date_unknown
CN,2026-07,CRUDEOIL,STOCKCH,KTONS,-,3,,stock_change_mt,2026-07-01,https://www.jodidata.org/_resources/files/downloads/oil-data/annual-csv/primary/primaryyear2026.csv,2026-10-08T10:38:40.381505+00:00,,million_tonnes,;not_assessed;historical_publication_date_unknown
CN,2026-07,CRUDEOIL,TOTEXPSB,KTONS,243.0000,3,0.243,exports_mt,2026-07-01,https://www.jodidata.org/_resources/files/downloads/oil-data/annual-csv/primary/primaryyear2026.csv,2026-10-08T10:38:40.381505+00:00,,million_tonnes,;not_assessed;historical_publication_date_unknown
CN,2026-07,CRUDEOIL,TOTIMPSB,KTONS,35726.0000,3,35.726,imports_mt,2026-07-01,https://www.jodidata.org/_resources/files/downloads/oil-data/annual-csv/primary/primaryyear2026.csv,2026-10-08T10:38:40.381505+00:00,,million_tonnes,;not_assessed;historical_publication_date_unknown
